ORDER_ID,NOTE,COMMAND,PARAMETER_A,PARAMETER_B,COLOR_0,COLOR_1,COLOR_2,COLOR_3,COLOR_4,COLOR_5,COLOR_6,COLOR_7,COLOR_8,COLOR_9
0,,FILL_ALL,#30FFFFFF,,,,,,,,,,,
1,,SHINE_YZ,0,9,#30FFFFFF,#30FFFFFF,#30FFFFFF,#CC9999,#CC9999,#CC9999,#CC9999,#30FFFFFF,#30FFFFFF,#30FFFFFF
2,,SHINE_YZ,1,9,#30FFFFFF,#30FFFFFF,#30FFFFFF,#CC9999,#30FFFFFF,#30FFFFFF,#30FFFFFF,#30FFFFFF,#30FFFFFF,#30FFFFFF
3,,SHINE_YZ,2,9,#30FFFFFF,#30FFFFFF,#30FFFFFF,#CC9999,#30FFFFFF,#30FFFFFF,#30FFFFFF,#30FFFFFF,#30FFFFFF,#30FFFFFF
4,,SHINE_YZ,3,9,#30FFFFFF,#30FFFFFF,#30FFFFFF,#CC9999,#30FFFFFF,#30FFFFFF,#30FFFFFF,#30FFFFFF,#30FFFFFF,#30FFFFFF
5,,SHINE_YZ,4,9,#30FFFFFF,#30FFFFFF,#30FFFFFF,#CC9999,#CC9999,#CC9999,#CC9999,#30FFFFFF,#30FFFFFF,#30FFFFFF
6,,SHINE_YZ,5,9,#30FFFFFF,#30FFFFFF,#30FFFFFF,#30FFFFFF,#30FFFFFF,#30FFFFFF,#CC9999,#30FFFFFF,#30FFFFFF,#30FFFFFF
7,,SHINE_YZ,6,9,#30FFFFFF,#30FFFFFF,#30FFFFFF,#30FFFFFF,#30FFFFFF,#30FFFFFF,#CC9999,#30FFFFFF,#30FFFFFF,#30FFFFFF
8,,SHINE_YZ,7,9,#30FFFFFF,#30FFFFFF,#30FFFFFF,#30FFFFFF,#30FFFFFF,#30FFFFFF,#CC9999,#30FFFFFF,#30FFFFFF,#30FFFFFF
9,,SHINE_YZ,8,9,#30FFFFFF,#30FFFFFF,#30FFFFFF,#CC9999,#CC9999,#CC9999,#CC9999,#30FFFFFF,#30FFFFFF,#30FFFFFF
10,,DELAY,100,,,,,,,,,,,
11,,SHINE_YZ,0,8,#30FFFFFF,#30FFFFFF,#30FFFFFF,#CC9999,#CC9999,#CC9999,#CC9999,#30FFFFFF,#30FFFFFF,#30FFFFFF
12,,SHINE_YZ,1,8,#30FFFFFF,#30FFFFFF,#30FFFFFF,#CC9999,#30FFFFFF,#30FFFFFF,#30FFFFFF,#30FFFFFF,#30FFFFFF,#30FFFFFF
13,,SHINE_YZ,2,8,#30FFFFFF,#30FFFFFF,#30FFFFFF,#CC9999,#30FFFFFF,#30FFFFFF,#30FFFFFF,#30FFFFFF,#30FFFFFF,#30FFFFFF
14,,SHINE_YZ,3,8,#30FFFFFF,#30FFFFFF,#30FFFFFF,#CC9999,#30FFFFFF,#30FFFFFF,#30FFFFFF,#30FFFFFF,#30FFFFFF,#30FFFFFF
15,,SHINE_YZ,4,8,#30FFFFFF,#30FFFFFF,#30FFFFFF,#CC9999,#CC9999,#CC9999,#CC9999,#30FFFFFF,#30FFFFFF,#30FFFFFF
16,,SHINE_YZ,5,8,#30FFFFFF,#30FFFFFF,#30FFFFFF,#30FFFFFF,#30FFFFFF,#30FFFFFF,#CC9999,#30FFFFFF,#30FFFFFF,#30FFFFFF
17,,SHINE_YZ,6,8,#30FFFFFF,#30FFFFFF,#30FFFFFF,#30FFFFFF,#30FFFFFF,#30FFFFFF,#CC9999,#30FFFFFF,#30FFFFFF,#30FFFFFF
18,,SHINE_YZ,7,8,#30FFFFFF,#30FFFFFF,#30FFFFFF,#30FFFFFF,#30FFFFFF,#30FFFFFF,#CC9999,#30FFFFFF,#30FFFFFF,#30FFFFFF
19,,SHINE_YZ,8,8,#30FFFFFF,#30FFFFFF,#30FFFFFF,#CC9999,#CC9999,#CC9999,#CC9999,#30FFFFFF,#30FFFFFF,#30FFFFFF
20,,DELAY,100,,,,,,,,,,,
21,,SHINE_YZ,0,7,#30FFFFFF,#30FFFFFF,#30FFFFFF,#CC9999,#CC9999,#CC9999,#CC9999,#30FFFFFF,#30FFFFFF,#30FFFFFF
22,,SHINE_YZ,1,7,#30FFFFFF,#30FFFFFF,#30FFFFFF,#CC9999,#30FFFFFF,#30FFFFFF,#30FFFFFF,#30FFFFFF,#30FFFFFF,#30FFFFFF
23,,SHINE_YZ,2,7,#30FFFFFF,#30FFFFFF,#30FFFFFF,#CC9999,#30FFFFFF,#30FFFFFF,#30FFFFFF,#30FFFFFF,#30FFFFFF,#30FFFFFF
24,,SHINE_YZ,3,7,#30FFFFFF,#30FFFFFF,#30FFFFFF,#CC9999,#30FFFFFF,#30FFFFFF,#30FFFFFF,#30FFFFFF,#30FFFFFF,#30FFFFFF
25,,SHINE_YZ,4,7,#30FFFFFF,#30FFFFFF,#30FFFFFF,#CC9999,#CC9999,#CC9999,#CC9999,#30FFFFFF,#30FFFFFF,#30FFFFFF
26,,SHINE_YZ,5,7,#30FFFFFF,#30FFFFFF,#30FFFFFF,#30FFFFFF,#30FFFFFF,#30FFFFFF,#CC9999,#30FFFFFF,#30FFFFFF,#30FFFFFF
27,,SHINE_YZ,6,7,#30FFFFFF,#30FFFFFF,#30FFFFFF,#30FFFFFF,#30FFFFFF,#30FFFFFF,#CC9999,#30FFFFFF,#30FFFFFF,#30FFFFFF
28,,SHINE_YZ,7,7,#30FFFFFF,#30FFFFFF,#30FFFFFF,#30FFFFFF,#30FFFFFF,#30FFFFFF,#CC9999,#30FFFFFF,#30FFFFFF,#30FFFFFF
29,,SHINE_YZ,8,7,#30FFFFFF,#30FFFFFF,#30FFFFFF,#CC9999,#CC9999,#CC9999,#CC9999,#30FFFFFF,#30FFFFFF,#30FFFFFF
30,,DELAY,100,,,,,,,,,,,
31,,SHINE_YZ,0,6,#30FFFFFF,#30FFFFFF,#30FFFFFF,#CC9999,#CC9999,#CC9999,#CC9999,#30FFFFFF,#30FFFFFF,#30FFFFFF
32,,SHINE_YZ,1,6,#30FFFFFF,#30FFFFFF,#30FFFFFF,#CC9999,#30FFFFFF,#30FFFFFF,#30FFFFFF,#30FFFFFF,#30FFFFFF,#30FFFFFF
33,,SHINE_YZ,2,6,#30FFFFFF,#30FFFFFF,#30FFFFFF,#CC9999,#30FFFFFF,#30FFFFFF,#30FFFFFF,#30FFFFFF,#30FFFFFF,#30FFFFFF
34,,SHINE_YZ,3,6,#30FFFFFF,#30FFFFFF,#30FFFFFF,#CC9999,#30FFFFFF,#30FFFFFF,#30FFFFFF,#30FFFFFF,#30FFFFFF,#30FFFFFF
35,,SHINE_YZ,4,6,#30FFFFFF,#30FFFFFF,#30FFFFFF,#CC9999,#CC9999,#CC9999,#CC9999,#30FFFFFF,#30FFFFFF,#30FFFFFF
36,,SHINE_YZ,5,6,#30FFFFFF,#30FFFFFF,#30FFFFFF,#30FFFFFF,#30FFFFFF,#30FFFFFF,#CC9999,#30FFFFFF,#30FFFFFF,#30FFFFFF
37,,SHINE_YZ,6,6,#30FFFFFF,#30FFFFFF,#30FFFFFF,#30FFFFFF,#30FFFFFF,#30FFFFFF,#CC9999,#30FFFFFF,#30FFFFFF,#30FFFFFF
38,,SHINE_YZ,7,6,#30FFFFFF,#30FFFFFF,#30FFFFFF,#30FFFFFF,#30FFFFFF,#30FFFFFF,#CC9999,#30FFFFFF,#30FFFFFF,#30FFFFFF
39,,SHINE_YZ,8,6,#30FFFFFF,#30FFFFFF,#30FFFFFF,#CC9999,#CC9999,#CC9999,#CC9999,#30FFFFFF,#30FFFFFF,#30FFFFFF
40,,DELAY,100,,,,,,,,,,,
41,,SHINE_YZ,0,5,#30FFFFFF,#30FFFFFF,#30FFFFFF,#CC9999,#CC9999,#CC9999,#CC9999,#30FFFFFF,#30FFFFFF,#30FFFFFF
42,,SHINE_YZ,1,5,#30FFFFFF,#30FFFFFF,#30FFFFFF,#CC9999,#30FFFFFF,#30FFFFFF,#30FFFFFF,#30FFFFFF,#30FFFFFF,#30FFFFFF
43,,SHINE_YZ,2,5,#30FFFFFF,#30FFFFFF,#30FFFFFF,#CC9999,#30FFFFFF,#30FFFFFF,#30FFFFFF,#30FFFFFF,#30FFFFFF,#30FFFFFF
44,,SHINE_YZ,3,5,#30FFFFFF,#30FFFFFF,#30FFFFFF,#CC9999,#30FFFFFF,#30FFFFFF,#30FFFFFF,#30FFFFFF,#30FFFFFF,#30FFFFFF
45,,SHINE_YZ,4,5,#30FFFFFF,#30FFFFFF,#30FFFFFF,#CC9999,#CC9999,#CC9999,#CC9999,#30FFFFFF,#30FFFFFF,#30FFFFFF
46,,SHINE_YZ,5,5,#30FFFFFF,#30FFFFFF,#30FFFFFF,#30FFFFFF,#30FFFFFF,#30FFFFFF,#CC9999,#30FFFFFF,#30FFFFFF,#30FFFFFF
47,,SHINE_YZ,6,5,#30FFFFFF,#30FFFFFF,#30FFFFFF,#30FFFFFF,#30FFFFFF,#30FFFFFF,#CC9999,#30FFFFFF,#30FFFFFF,#30FFFFFF
48,,SHINE_YZ,7,5,#30FFFFFF,#30FFFFFF,#30FFFFFF,#30FFFFFF,#30FFFFFF,#30FFFFFF,#CC9999,#30FFFFFF,#30FFFFFF,#30FFFFFF
49,,SHINE_YZ,8,5,#30FFFFFF,#30FFFFFF,#30FFFFFF,#CC9999,#CC9999,#CC9999,#CC9999,#30FFFFFF,#30FFFFFF,#30FFFFFF
50,,DELAY,100,,,,,,,,,,,
51,,SHINE_YZ,0,4,#30FFFFFF,#30FFFFFF,#30FFFFFF,#CC9999,#CC9999,#CC9999,#CC9999,#30FFFFFF,#30FFFFFF,#30FFFFFF
52,,SHINE_YZ,1,4,#30FFFFFF,#30FFFFFF,#30FFFFFF,#CC9999,#30FFFFFF,#30FFFFFF,#30FFFFFF,#30FFFFFF,#30FFFFFF,#30FFFFFF
53,,SHINE_YZ,2,4,#30FFFFFF,#30FFFFFF,#30FFFFFF,#CC9999,#30FFFFFF,#30FFFFFF,#30FFFFFF,#30FFFFFF,#30FFFFFF,#30FFFFFF
54,,SHINE_YZ,3,4,#30FFFFFF,#30FFFFFF,#30FFFFFF,#CC9999,#30FFFFFF,#30FFFFFF,#30FFFFFF,#30FFFFFF,#30FFFFFF,#30FFFFFF
55,,SHINE_YZ,4,4,#30FFFFFF,#30FFFFFF,#30FFFFFF,#CC9999,#CC9999,#CC9999,#CC9999,#30FFFFFF,#30FFFFFF,#30FFFFFF
56,,SHINE_YZ,5,4,#30FFFFFF,#30FFFFFF,#30FFFFFF,#30FFFFFF,#30FFFFFF,#30FFFFFF,#CC9999,#30FFFFFF,#30FFFFFF,#30FFFFFF
57,,SHINE_YZ,6,4,#30FFFFFF,#30FFFFFF,#30FFFFFF,#30FFFFFF,#30FFFFFF,#30FFFFFF,#CC9999,#30FFFFFF,#30FFFFFF,#30FFFFFF
58,,SHINE_YZ,7,4,#30FFFFFF,#30FFFFFF,#30FFFFFF,#30FFFFFF,#30FFFFFF,#30FFFFFF,#CC9999,#30FFFFFF,#30FFFFFF,#30FFFFFF
59,,SHINE_YZ,8,4,#30FFFFFF,#30FFFFFF,#30FFFFFF,#CC9999,#CC9999,#CC9999,#CC9999,#30FFFFFF,#30FFFFFF,#30FFFFFF
60,,DELAY,100,,,,,,,,,,,
61,,SHINE_YZ,0,3,#30FFFFFF,#30FFFFFF,#30FFFFFF,#CC9999,#CC9999,#CC9999,#CC9999,#30FFFFFF,#30FFFFFF,#30FFFFFF
62,,SHINE_YZ,1,3,#30FFFFFF,#30FFFFFF,#30FFFFFF,#CC9999,#30FFFFFF,#30FFFFFF,#30FFFFFF,#30FFFFFF,#30FFFFFF,#30FFFFFF
63,,SHINE_YZ,2,3,#30FFFFFF,#30FFFFFF,#30FFFFFF,#CC9999,#30FFFFFF,#30FFFFFF,#30FFFFFF,#30FFFFFF,#30FFFFFF,#30FFFFFF
64,,SHINE_YZ,3,3,#30FFFFFF,#30FFFFFF,#30FFFFFF,#CC9999,#30FFFFFF,#30FFFFFF,#30FFFFFF,#30FFFFFF,#30FFFFFF,#30FFFFFF
65,,SHINE_YZ,4,3,#30FFFFFF,#30FFFFFF,#30FFFFFF,#CC9999,#CC9999,#CC9999,#CC9999,#30FFFFFF,#30FFFFFF,#30FFFFFF
66,,SHINE_YZ,5,3,#30FFFFFF,#30FFFFFF,#30FFFFFF,#30FFFFFF,#30FFFFFF,#30FFFFFF,#CC9999,#30FFFFFF,#30FFFFFF,#30FFFFFF
67,,SHINE_YZ,6,3,#30FFFFFF,#30FFFFFF,#30FFFFFF,#30FFFFFF,#30FFFFFF,#30FFFFFF,#CC9999,#30FFFFFF,#30FFFFFF,#30FFFFFF
68,,SHINE_YZ,7,3,#30FFFFFF,#30FFFFFF,#30FFFFFF,#30FFFFFF,#30FFFFFF,#30FFFFFF,#CC9999,#30FFFFFF,#30FFFFFF,#30FFFFFF
69,,SHINE_YZ,8,3,#30FFFFFF,#30FFFFFF,#30FFFFFF,#CC9999,#CC9999,#CC9999,#CC9999,#30FFFFFF,#30FFFFFF,#30FFFFFF
70,,DELAY,100,,,,,,,,,,,
71,,SHINE_YZ,0,2,#30FFFFFF,#30FFFFFF,#30FFFFFF,#CC9999,#CC9999,#CC9999,#CC9999,#30FFFFFF,#30FFFFFF,#30FFFFFF
72,,SHINE_YZ,1,2,#30FFFFFF,#30FFFFFF,#30FFFFFF,#CC9999,#30FFFFFF,#30FFFFFF,#30FFFFFF,#30FFFFFF,#30FFFFFF,#30FFFFFF
73,,SHINE_YZ,2,2,#30FFFFFF,#30FFFFFF,#30FFFFFF,#CC9999,#30FFFFFF,#30FFFFFF,#30FFFFFF,#30FFFFFF,#30FFFFFF,#30FFFFFF
74,,SHINE_YZ,3,2,#30FFFFFF,#30FFFFFF,#30FFFFFF,#CC9999,#30FFFFFF,#30FFFFFF,#30FFFFFF,#30FFFFFF,#30FFFFFF,#30FFFFFF
75,,SHINE_YZ,4,2,#30FFFFFF,#30FFFFFF,#30FFFFFF,#CC9999,#CC9999,#CC9999,#CC9999,#30FFFFFF,#30FFFFFF,#30FFFFFF
76,,SHINE_YZ,5,2,#30FFFFFF,#30FFFFFF,#30FFFFFF,#30FFFFFF,#30FFFFFF,#30FFFFFF,#CC9999,#30FFFFFF,#30FFFFFF,#30FFFFFF
77,,SHINE_YZ,6,2,#30FFFFFF,#30FFFFFF,#30FFFFFF,#30FFFFFF,#30FFFFFF,#30FFFFFF,#CC9999,#30FFFFFF,#30FFFFFF,#30FFFFFF
78,,SHINE_YZ,7,2,#30FFFFFF,#30FFFFFF,#30FFFFFF,#30FFFFFF,#30FFFFFF,#30FFFFFF,#CC9999,#30FFFFFF,#30FFFFFF,#30FFFFFF
79,,SHINE_YZ,8,2,#30FFFFFF,#30FFFFFF,#30FFFFFF,#CC9999,#CC9999,#CC9999,#CC9999,#30FFFFFF,#30FFFFFF,#30FFFFFF
80,,DELAY,100,,,,,,,,,,,
81,,SHINE_YZ,0,1,#30FFFFFF,#30FFFFFF,#30FFFFFF,#CC9999,#CC9999,#CC9999,#CC9999,#30FFFFFF,#30FFFFFF,#30FFFFFF
82,,SHINE_YZ,1,1,#30FFFFFF,#30FFFFFF,#30FFFFFF,#CC9999,#30FFFFFF,#30FFFFFF,#30FFFFFF,#30FFFFFF,#30FFFFFF,#30FFFFFF
83,,SHINE_YZ,2,1,#30FFFFFF,#30FFFFFF,#30FFFFFF,#CC9999,#30FFFFFF,#30FFFFFF,#30FFFFFF,#30FFFFFF,#30FFFFFF,#30FFFFFF
84,,SHINE_YZ,3,1,#30FFFFFF,#30FFFFFF,#30FFFFFF,#CC9999,#30FFFFFF,#30FFFFFF,#30FFFFFF,#30FFFFFF,#30FFFFFF,#30FFFFFF
85,,SHINE_YZ,4,1,#30FFFFFF,#30FFFFFF,#30FFFFFF,#CC9999,#CC9999,#CC9999,#CC9999,#30FFFFFF,#30FFFFFF,#30FFFFFF
86,,SHINE_YZ,5,1,#30FFFFFF,#30FFFFFF,#30FFFFFF,#30FFFFFF,#30FFFFFF,#30FFFFFF,#CC9999,#30FFFFFF,#30FFFFFF,#30FFFFFF
87,,SHINE_YZ,6,1,#30FFFFFF,#30FFFFFF,#30FFFFFF,#30FFFFFF,#30FFFFFF,#30FFFFFF,#CC9999,#30FFFFFF,#30FFFFFF,#30FFFFFF
88,,SHINE_YZ,7,1,#30FFFFFF,#30FFFFFF,#30FFFFFF,#30FFFFFF,#30FFFFFF,#30FFFFFF,#CC9999,#30FFFFFF,#30FFFFFF,#30FFFFFF
89,,SHINE_YZ,8,1,#30FFFFFF,#30FFFFFF,#30FFFFFF,#CC9999,#CC9999,#CC9999,#CC9999,#30FFFFFF,#30FFFFFF,#30FFFFFF
90,,DELAY,100,,,,,,,,,,,
91,,SHINE_YZ,0,0,#30FFFFFF,#30FFFFFF,#30FFFFFF,#CC9999,#CC9999,#CC9999,#CC9999,#30FFFFFF,#30FFFFFF,#30FFFFFF
92,,SHINE_YZ,1,0,#30FFFFFF,#30FFFFFF,#30FFFFFF,#CC9999,#30FFFFFF,#30FFFFFF,#30FFFFFF,#30FFFFFF,#30FFFFFF,#30FFFFFF
93,,SHINE_YZ,2,0,#30FFFFFF,#30FFFFFF,#30FFFFFF,#CC9999,#30FFFFFF,#30FFFFFF,#30FFFFFF,#30FFFFFF,#30FFFFFF,#30FFFFFF
94,,SHINE_YZ,3,0,#30FFFFFF,#30FFFFFF,#30FFFFFF,#CC9999,#30FFFFFF,#30FFFFFF,#30FFFFFF,#30FFFFFF,#30FFFFFF,#30FFFFFF
95,,SHINE_YZ,4,0,#30FFFFFF,#30FFFFFF,#30FFFFFF,#CC9999,#CC9999,#CC9999,#CC9999,#30FFFFFF,#30FFFFFF,#30FFFFFF
96,,SHINE_YZ,5,0,#30FFFFFF,#30FFFFFF,#30FFFFFF,#30FFFFFF,#30FFFFFF,#30FFFFFF,#CC9999,#30FFFFFF,#30FFFFFF,#30FFFFFF
97,,SHINE_YZ,6,0,#30FFFFFF,#30FFFFFF,#30FFFFFF,#30FFFFFF,#30FFFFFF,#30FFFFFF,#CC9999,#30FFFFFF,#30FFFFFF,#30FFFFFF
98,,SHINE_YZ,7,0,#30FFFFFF,#30FFFFFF,#30FFFFFF,#30FFFFFF,#30FFFFFF,#30FFFFFF,#CC9999,#30FFFFFF,#30FFFFFF,#30FFFFFF
99,,SHINE_YZ,8,0,#30FFFFFF,#30FFFFFF,#30FFFFFF,#CC9999,#CC9999,#CC9999,#CC9999,#30FFFFFF,#30FFFFFF,#30FFFFFF
100,,DELAY,100,,,,,,,,,,,
101,,FILL_ALL,#30FFFFFF,,,,,,,,,,,
102,,SHINE_YZ,0,9,#30FFFFFF,#30FFFFFF,#30FFFFFF,#FFFF99,#30FFFFFF,#30FFFFFF,#FFFF99,#30FFFFFF,#30FFFFFF,#30FFFFFF
103,,SHINE_YZ,1,9,#30FFFFFF,#30FFFFFF,#30FFFFFF,#FFFF99,#30FFFFFF,#30FFFFFF,#FFFF99,#30FFFFFF,#30FFFFFF,#30FFFFFF
104,,SHINE_YZ,2,9,#30FFFFFF,#30FFFFFF,#30FFFFFF,#FFFF99,#30FFFFFF,#30FFFFFF,#FFFF99,#30FFFFFF,#30FFFFFF,#30FFFFFF
105,,SHINE_YZ,3,9,#30FFFFFF,#30FFFFFF,#30FFFFFF,#FFFF99,#30FFFFFF,#30FFFFFF,#FFFF99,#30FFFFFF,#30FFFFFF,#30FFFFFF
106,,SHINE_YZ,4,9,#30FFFFFF,#30FFFFFF,#30FFFFFF,#FFFF99,#FFFF99,#FFFF99,#FFFF99,#30FFFFFF,#30FFFFFF,#30FFFFFF
107,,SHINE_YZ,5,9,#30FFFFFF,#30FFFFFF,#30FFFFFF,#30FFFFFF,#30FFFFFF,#30FFFFFF,#FFFF99,#30FFFFFF,#30FFFFFF,#30FFFFFF
108,,SHINE_YZ,6,9,#30FFFFFF,#30FFFFFF,#30FFFFFF,#30FFFFFF,#30FFFFFF,#30FFFFFF,#FFFF99,#30FFFFFF,#30FFFFFF,#30FFFFFF
109,,SHINE_YZ,7,9,#30FFFFFF,#30FFFFFF,#30FFFFFF,#30FFFFFF,#30FFFFFF,#30FFFFFF,#FFFF99,#30FFFFFF,#30FFFFFF,#30FFFFFF
110,,SHINE_YZ,8,9,#30FFFFFF,#30FFFFFF,#30FFFFFF,#30FFFFFF,#30FFFFFF,#30FFFFFF,#FFFF99,#30FFFFFF,#30FFFFFF,#30FFFFFF
111,,DELAY,100,,,,,,,,,,,
112,,SHINE_YZ,0,8,#30FFFFFF,#30FFFFFF,#30FFFFFF,#FFFF99,#30FFFFFF,#30FFFFFF,#FFFF99,#30FFFFFF,#30FFFFFF,#30FFFFFF
113,,SHINE_YZ,1,8,#30FFFFFF,#30FFFFFF,#30FFFFFF,#FFFF99,#30FFFFFF,#30FFFFFF,#FFFF99,#30FFFFFF,#30FFFFFF,#30FFFFFF
114,,SHINE_YZ,2,8,#30FFFFFF,#30FFFFFF,#30FFFFFF,#FFFF99,#30FFFFFF,#30FFFFFF,#FFFF99,#30FFFFFF,#30FFFFFF,#30FFFFFF
115,,SHINE_YZ,3,8,#30FFFFFF,#30FFFFFF,#30FFFFFF,#FFFF99,#30FFFFFF,#30FFFFFF,#FFFF99,#30FFFFFF,#30FFFFFF,#30FFFFFF
116,,SHINE_YZ,4,8,#30FFFFFF,#30FFFFFF,#30FFFFFF,#FFFF99,#FFFF99,#FFFF99,#FFFF99,#30FFFFFF,#30FFFFFF,#30FFFFFF
117,,SHINE_YZ,5,8,#30FFFFFF,#30FFFFFF,#30FFFFFF,#30FFFFFF,#30FFFFFF,#30FFFFFF,#FFFF99,#30FFFFFF,#30FFFFFF,#30FFFFFF
118,,SHINE_YZ,6,8,#30FFFFFF,#30FFFFFF,#30FFFFFF,#30FFFFFF,#30FFFFFF,#30FFFFFF,#FFFF99,#30FFFFFF,#30FFFFFF,#30FFFFFF
119,,SHINE_YZ,7,8,#30FFFFFF,#30FFFFFF,#30FFFFFF,#30FFFFFF,#30FFFFFF,#30FFFFFF,#FFFF99,#30FFFFFF,#30FFFFFF,#30FFFFFF
120,,SHINE_YZ,8,8,#30FFFFFF,#30FFFFFF,#30FFFFFF,#30FFFFFF,#30FFFFFF,#30FFFFFF,#FFFF99,#30FFFFFF,#30FFFFFF,#30FFFFFF
121,,DELAY,100,,,,,,,,,,,
122,,SHINE_YZ,0,7,#30FFFFFF,#30FFFFFF,#30FFFFFF,#FFFF99,#30FFFFFF,#30FFFFFF,#FFFF99,#30FFFFFF,#30FFFFFF,#30FFFFFF
123,,SHINE_YZ,1,7,#30FFFFFF,#30FFFFFF,#30FFFFFF,#FFFF99,#30FFFFFF,#30FFFFFF,#FFFF99,#30FFFFFF,#30FFFFFF,#30FFFFFF
124,,SHINE_YZ,2,7,#30FFFFFF,#30FFFFFF,#30FFFFFF,#FFFF99,#30FFFFFF,#30FFFFFF,#FFFF99,#30FFFFFF,#30FFFFFF,#30FFFFFF
125,,SHINE_YZ,3,7,#30FFFFFF,#30FFFFFF,#30FFFFFF,#FFFF99,#30FFFFFF,#30FFFFFF,#FFFF99,#30FFFFFF,#30FFFFFF,#30FFFFFF
126,,SHINE_YZ,4,7,#30FFFFFF,#30FFFFFF,#30FFFFFF,#FFFF99,#FFFF99,#FFFF99,#FFFF99,#30FFFFFF,#30FFFFFF,#30FFFFFF
127,,SHINE_YZ,5,7,#30FFFFFF,#30FFFFFF,#30FFFFFF,#30FFFFFF,#30FFFFFF,#30FFFFFF,#FFFF99,#30FFFFFF,#30FFFFFF,#30FFFFFF
128,,SHINE_YZ,6,7,#30FFFFFF,#30FFFFFF,#30FFFFFF,#30FFFFFF,#30FFFFFF,#30FFFFFF,#FFFF99,#30FFFFFF,#30FFFFFF,#30FFFFFF
129,,SHINE_YZ,7,7,#30FFFFFF,#30FFFFFF,#30FFFFFF,#30FFFFFF,#30FFFFFF,#30FFFFFF,#FFFF99,#30FFFFFF,#30FFFFFF,#30FFFFFF
130,,SHINE_YZ,8,7,#30FFFFFF,#30FFFFFF,#30FFFFFF,#30FFFFFF,#30FFFFFF,#30FFFFFF,#FFFF99,#30FFFFFF,#30FFFFFF,#30FFFFFF
131,,DELAY,100,,,,,,,,,,,
132,,SHINE_YZ,0,6,#30FFFFFF,#30FFFFFF,#30FFFFFF,#FFFF99,#30FFFFFF,#30FFFFFF,#FFFF99,#30FFFFFF,#30FFFFFF,#30FFFFFF
133,,SHINE_YZ,1,6,#30FFFFFF,#30FFFFFF,#30FFFFFF,#FFFF99,#30FFFFFF,#30FFFFFF,#FFFF99,#30FFFFFF,#30FFFFFF,#30FFFFFF
134,,SHINE_YZ,2,6,#30FFFFFF,#30FFFFFF,#30FFFFFF,#FFFF99,#30FFFFFF,#30FFFFFF,#FFFF99,#30FFFFFF,#30FFFFFF,#30FFFFFF
135,,SHINE_YZ,3,6,#30FFFFFF,#30FFFFFF,#30FFFFFF,#FFFF99,#30FFFFFF,#30FFFFFF,#FFFF99,#30FFFFFF,#30FFFFFF,#30FFFFFF
136,,SHINE_YZ,4,6,#30FFFFFF,#30FFFFFF,#30FFFFFF,#FFFF99,#FFFF99,#FFFF99,#FFFF99,#30FFFFFF,#30FFFFFF,#30FFFFFF
137,,SHINE_YZ,5,6,#30FFFFFF,#30FFFFFF,#30FFFFFF,#30FFFFFF,#30FFFFFF,#30FFFFFF,#FFFF99,#30FFFFFF,#30FFFFFF,#30FFFFFF
138,,SHINE_YZ,6,6,#30FFFFFF,#30FFFFFF,#30FFFFFF,#30FFFFFF,#30FFFFFF,#30FFFFFF,#FFFF99,#30FFFFFF,#30FFFFFF,#30FFFFFF
139,,SHINE_YZ,7,6,#30FFFFFF,#30FFFFFF,#30FFFFFF,#30FFFFFF,#30FFFFFF,#30FFFFFF,#FFFF99,#30FFFFFF,#30FFFFFF,#30FFFFFF
140,,SHINE_YZ,8,6,#30FFFFFF,#30FFFFFF,#30FFFFFF,#30FFFFFF,#30FFFFFF,#30FFFFFF,#FFFF99,#30FFFFFF,#30FFFFFF,#30FFFFFF
141,,DELAY,100,,,,,,,,,,,
142,,SHINE_YZ,0,5,#30FFFFFF,#30FFFFFF,#30FFFFFF,#FFFF99,#30FFFFFF,#30FFFFFF,#FFFF99,#30FFFFFF,#30FFFFFF,#30FFFFFF
143,,SHINE_YZ,1,5,#30FFFFFF,#30FFFFFF,#30FFFFFF,#FFFF99,#30FFFFFF,#30FFFFFF,#FFFF99,#30FFFFFF,#30FFFFFF,#30FFFFFF
144,,SHINE_YZ,2,5,#30FFFFFF,#30FFFFFF,#30FFFFFF,#FFFF99,#30FFFFFF,#30FFFFFF,#FFFF99,#30FFFFFF,#30FFFFFF,#30FFFFFF
145,,SHINE_YZ,3,5,#30FFFFFF,#30FFFFFF,#30FFFFFF,#FFFF99,#30FFFFFF,#30FFFFFF,#FFFF99,#30FFFFFF,#30FFFFFF,#30FFFFFF
146,,SHINE_YZ,4,5,#30FFFFFF,#30FFFFFF,#30FFFFFF,#FFFF99,#FFFF99,#FFFF99,#FFFF99,#30FFFFFF,#30FFFFFF,#30FFFFFF
147,,SHINE_YZ,5,5,#30FFFFFF,#30FFFFFF,#30FFFFFF,#30FFFFFF,#30FFFFFF,#30FFFFFF,#FFFF99,#30FFFFFF,#30FFFFFF,#30FFFFFF
148,,SHINE_YZ,6,5,#30FFFFFF,#30FFFFFF,#30FFFFFF,#30FFFFFF,#30FFFFFF,#30FFFFFF,#FFFF99,#30FFFFFF,#30FFFFFF,#30FFFFFF
149,,SHINE_YZ,7,5,#30FFFFFF,#30FFFFFF,#30FFFFFF,#30FFFFFF,#30FFFFFF,#30FFFFFF,#FFFF99,#30FFFFFF,#30FFFFFF,#30FFFFFF
150,,SHINE_YZ,8,5,#30FFFFFF,#30FFFFFF,#30FFFFFF,#30FFFFFF,#30FFFFFF,#30FFFFFF,#FFFF99,#30FFFFFF,#30FFFFFF,#30FFFFFF
151,,DELAY,100,,,,,,,,,,,
152,,SHINE_YZ,0,4,#30FFFFFF,#30FFFFFF,#30FFFFFF,#FFFF99,#30FFFFFF,#30FFFFFF,#FFFF99,#30FFFFFF,#30FFFFFF,#30FFFFFF
153,,SHINE_YZ,1,4,#30FFFFFF,#30FFFFFF,#30FFFFFF,#FFFF99,#30FFFFFF,#30FFFFFF,#FFFF99,#30FFFFFF,#30FFFFFF,#30FFFFFF
154,,SHINE_YZ,2,4,#30FFFFFF,#30FFFFFF,#30FFFFFF,#FFFF99,#30FFFFFF,#30FFFFFF,#FFFF99,#30FFFFFF,#30FFFFFF,#30FFFFFF
155,,SHINE_YZ,3,4,#30FFFFFF,#30FFFFFF,#30FFFFFF,#FFFF99,#30FFFFFF,#30FFFFFF,#FFFF99,#30FFFFFF,#30FFFFFF,#30FFFFFF
156,,SHINE_YZ,4,4,#30FFFFFF,#30FFFFFF,#30FFFFFF,#FFFF99,#FFFF99,#FFFF99,#FFFF99,#30FFFFFF,#30FFFFFF,#30FFFFFF
157,,SHINE_YZ,5,4,#30FFFFFF,#30FFFFFF,#30FFFFFF,#30FFFFFF,#30FFFFFF,#30FFFFFF,#FFFF99,#30FFFFFF,#30FFFFFF,#30FFFFFF
158,,SHINE_YZ,6,4,#30FFFFFF,#30FFFFFF,#30FFFFFF,#30FFFFFF,#30FFFFFF,#30FFFFFF,#FFFF99,#30FFFFFF,#30FFFFFF,#30FFFFFF
159,,SHINE_YZ,7,4,#30FFFFFF,#30FFFFFF,#30FFFFFF,#30FFFFFF,#30FFFFFF,#30FFFFFF,#FFFF99,#30FFFFFF,#30FFFFFF,#30FFFFFF
160,,SHINE_YZ,8,4,#30FFFFFF,#30FFFFFF,#30FFFFFF,#30FFFFFF,#30FFFFFF,#30FFFFFF,#FFFF99,#30FFFFFF,#30FFFFFF,#30FFFFFF
161,,DELAY,100,,,,,,,,,,,
162,,SHINE_YZ,0,3,#30FFFFFF,#30FFFFFF,#30FFFFFF,#FFFF99,#30FFFFFF,#30FFFFFF,#FFFF99,#30FFFFFF,#30FFFFFF,#30FFFFFF
163,,SHINE_YZ,1,3,#30FFFFFF,#30FFFFFF,#30FFFFFF,#FFFF99,#30FFFFFF,#30FFFFFF,#FFFF99,#30FFFFFF,#30FFFFFF,#30FFFFFF
164,,SHINE_YZ,2,3,#30FFFFFF,#30FFFFFF,#30FFFFFF,#FFFF99,#30FFFFFF,#30FFFFFF,#FFFF99,#30FFFFFF,#30FFFFFF,#30FFFFFF
165,,SHINE_YZ,3,3,#30FFFFFF,#30FFFFFF,#30FFFFFF,#FFFF99,#30FFFFFF,#30FFFFFF,#FFFF99,#30FFFFFF,#30FFFFFF,#30FFFFFF
166,,SHINE_YZ,4,3,#30FFFFFF,#30FFFFFF,#30FFFFFF,#FFFF99,#FFFF99,#FFFF99,#FFFF99,#30FFFFFF,#30FFFFFF,#30FFFFFF
167,,SHINE_YZ,5,3,#30FFFFFF,#30FFFFFF,#30FFFFFF,#30FFFFFF,#30FFFFFF,#30FFFFFF,#FFFF99,#30FFFFFF,#30FFFFFF,#30FFFFFF
168,,SHINE_YZ,6,3,#30FFFFFF,#30FFFFFF,#30FFFFFF,#30FFFFFF,#30FFFFFF,#30FFFFFF,#FFFF99,#30FFFFFF,#30FFFFFF,#30FFFFFF
169,,SHINE_YZ,7,3,#30FFFFFF,#30FFFFFF,#30FFFFFF,#30FFFFFF,#30FFFFFF,#30FFFFFF,#FFFF99,#30FFFFFF,#30FFFFFF,#30FFFFFF
170,,SHINE_YZ,8,3,#30FFFFFF,#30FFFFFF,#30FFFFFF,#30FFFFFF,#30FFFFFF,#30FFFFFF,#FFFF99,#30FFFFFF,#30FFFFFF,#30FFFFFF
171,,DELAY,100,,,,,,,,,,,
172,,SHINE_YZ,0,2,#30FFFFFF,#30FFFFFF,#30FFFFFF,#FFFF99,#30FFFFFF,#30FFFFFF,#FFFF99,#30FFFFFF,#30FFFFFF,#30FFFFFF
173,,SHINE_YZ,1,2,#30FFFFFF,#30FFFFFF,#30FFFFFF,#FFFF99,#30FFFFFF,#30FFFFFF,#FFFF99,#30FFFFFF,#30FFFFFF,#30FFFFFF
174,,SHINE_YZ,2,2,#30FFFFFF,#30FFFFFF,#30FFFFFF,#FFFF99,#30FFFFFF,#30FFFFFF,#FFFF99,#30FFFFFF,#30FFFFFF,#30FFFFFF
175,,SHINE_YZ,3,2,#30FFFFFF,#30FFFFFF,#30FFFFFF,#FFFF99,#30FFFFFF,#30FFFFFF,#FFFF99,#30FFFFFF,#30FFFFFF,#30FFFFFF
176,,SHINE_YZ,4,2,#30FFFFFF,#30FFFFFF,#30FFFFFF,#FFFF99,#FFFF99,#FFFF99,#FFFF99,#30FFFFFF,#30FFFFFF,#30FFFFFF
177,,SHINE_YZ,5,2,#30FFFFFF,#30FFFFFF,#30FFFFFF,#30FFFFFF,#30FFFFFF,#30FFFFFF,#FFFF99,#30FFFFFF,#30FFFFFF,#30FFFFFF
178,,SHINE_YZ,6,2,#30FFFFFF,#30FFFFFF,#30FFFFFF,#30FFFFFF,#30FFFFFF,#30FFFFFF,#FFFF99,#30FFFFFF,#30FFFFFF,#30FFFFFF
179,,SHINE_YZ,7,2,#30FFFFFF,#30FFFFFF,#30FFFFFF,#30FFFFFF,#30FFFFFF,#30FFFFFF,#FFFF99,#30FFFFFF,#30FFFFFF,#30FFFFFF
180,,SHINE_YZ,8,2,#30FFFFFF,#30FFFFFF,#30FFFFFF,#30FFFFFF,#30FFFFFF,#30FFFFFF,#FFFF99,#30FFFFFF,#30FFFFFF,#30FFFFFF
181,,DELAY,100,,,,,,,,,,,
182,,SHINE_YZ,0,1,#30FFFFFF,#30FFFFFF,#30FFFFFF,#FFFF99,#30FFFFFF,#30FFFFFF,#FFFF99,#30FFFFFF,#30FFFFFF,#30FFFFFF
183,,SHINE_YZ,1,1,#30FFFFFF,#30FFFFFF,#30FFFFFF,#FFFF99,#30FFFFFF,#30FFFFFF,#FFFF99,#30FFFFFF,#30FFFFFF,#30FFFFFF
184,,SHINE_YZ,2,1,#30FFFFFF,#30FFFFFF,#30FFFFFF,#FFFF99,#30FFFFFF,#30FFFFFF,#FFFF99,#30FFFFFF,#30FFFFFF,#30FFFFFF
185,,SHINE_YZ,3,1,#30FFFFFF,#30FFFFFF,#30FFFFFF,#FFFF99,#30FFFFFF,#30FFFFFF,#FFFF99,#30FFFFFF,#30FFFFFF,#30FFFFFF
186,,SHINE_YZ,4,1,#30FFFFFF,#30FFFFFF,#30FFFFFF,#FFFF99,#FFFF99,#FFFF99,#FFFF99,#30FFFFFF,#30FFFFFF,#30FFFFFF
187,,SHINE_YZ,5,1,#30FFFFFF,#30FFFFFF,#30FFFFFF,#30FFFFFF,#30FFFFFF,#30FFFFFF,#FFFF99,#30FFFFFF,#30FFFFFF,#30FFFFFF
188,,SHINE_YZ,6,1,#30FFFFFF,#30FFFFFF,#30FFFFFF,#30FFFFFF,#30FFFFFF,#30FFFFFF,#FFFF99,#30FFFFFF,#30FFFFFF,#30FFFFFF
189,,SHINE_YZ,7,1,#30FFFFFF,#30FFFFFF,#30FFFFFF,#30FFFFFF,#30FFFFFF,#30FFFFFF,#FFFF99,#30FFFFFF,#30FFFFFF,#30FFFFFF
190,,SHINE_YZ,8,1,#30FFFFFF,#30FFFFFF,#30FFFFFF,#30FFFFFF,#30FFFFFF,#30FFFFFF,#FFFF99,#30FFFFFF,#30FFFFFF,#30FFFFFF
191,,DELAY,100,,,,,,,,,,,
192,,SHINE_YZ,0,0,#30FFFFFF,#30FFFFFF,#30FFFFFF,#FFFF99,#30FFFFFF,#30FFFFFF,#FFFF99,#30FFFFFF,#30FFFFFF,#30FFFFFF
193,,SHINE_YZ,1,0,#30FFFFFF,#30FFFFFF,#30FFFFFF,#FFFF99,#30FFFFFF,#30FFFFFF,#FFFF99,#30FFFFFF,#30FFFFFF,#30FFFFFF
194,,SHINE_YZ,2,0,#30FFFFFF,#30FFFFFF,#30FFFFFF,#FFFF99,#30FFFFFF,#30FFFFFF,#FFFF99,#30FFFFFF,#30FFFFFF,#30FFFFFF
195,,SHINE_YZ,3,0,#30FFFFFF,#30FFFFFF,#30FFFFFF,#FFFF99,#30FFFFFF,#30FFFFFF,#FFFF99,#30FFFFFF,#30FFFFFF,#30FFFFFF
196,,SHINE_YZ,4,0,#30FFFFFF,#30FFFFFF,#30FFFFFF,#FFFF99,#FFFF99,#FFFF99,#FFFF99,#30FFFFFF,#30FFFFFF,#30FFFFFF
197,,SHINE_YZ,5,0,#30FFFFFF,#30FFFFFF,#30FFFFFF,#30FFFFFF,#30FFFFFF,#30FFFFFF,#FFFF99,#30FFFFFF,#30FFFFFF,#30FFFFFF
198,,SHINE_YZ,6,0,#30FFFFFF,#30FFFFFF,#30FFFFFF,#30FFFFFF,#30FFFFFF,#30FFFFFF,#FFFF99,#30FFFFFF,#30FFFFFF,#30FFFFFF
199,,SHINE_YZ,7,0,#30FFFFFF,#30FFFFFF,#30FFFFFF,#30FFFFFF,#30FFFFFF,#30FFFFFF,#FFFF99,#30FFFFFF,#30FFFFFF,#30FFFFFF
200,,SHINE_YZ,8,0,#30FFFFFF,#30FFFFFF,#30FFFFFF,#30FFFFFF,#30FFFFFF,#30FFFFFF,#FFFF99,#30FFFFFF,#30FFFFFF,#30FFFFFF
201,,DELAY,100,,,,,,,,,,,
202,,FILL_ALL,#30FFFFFF,,,,,,,,,,,
203,,SHINE_YZ,0,9,#30FFFFFF,#30FFFFFF,#30FFFFFF,#666699,#666699,#666699,#666699,#30FFFFFF,#30FFFFFF,#30FFFFFF
204,,SHINE_YZ,1,9,#30FFFFFF,#30FFFFFF,#30FFFFFF,#30FFFFFF,#30FFFFFF,#30FFFFFF,#666699,#30FFFFFF,#30FFFFFF,#30FFFFFF
205,,SHINE_YZ,2,9,#30FFFFFF,#30FFFFFF,#30FFFFFF,#30FFFFFF,#30FFFFFF,#30FFFFFF,#666699,#30FFFFFF,#30FFFFFF,#30FFFFFF
206,,SHINE_YZ,3,9,#30FFFFFF,#30FFFFFF,#30FFFFFF,#30FFFFFF,#30FFFFFF,#30FFFFFF,#666699,#30FFFFFF,#30FFFFFF,#30FFFFFF
207,,SHINE_YZ,4,9,#30FFFFFF,#30FFFFFF,#30FFFFFF,#666699,#666699,#666699,#666699,#30FFFFFF,#30FFFFFF,#30FFFFFF
208,,SHINE_YZ,5,9,#30FFFFFF,#30FFFFFF,#30FFFFFF,#30FFFFFF,#30FFFFFF,#30FFFFFF,#666699,#30FFFFFF,#30FFFFFF,#30FFFFFF
209,,SHINE_YZ,6,9,#30FFFFFF,#30FFFFFF,#30FFFFFF,#30FFFFFF,#30FFFFFF,#30FFFFFF,#666699,#30FFFFFF,#30FFFFFF,#30FFFFFF
210,,SHINE_YZ,7,9,#30FFFFFF,#30FFFFFF,#30FFFFFF,#30FFFFFF,#30FFFFFF,#30FFFFFF,#666699,#30FFFFFF,#30FFFFFF,#30FFFFFF
211,,SHINE_YZ,8,9,#30FFFFFF,#30FFFFFF,#30FFFFFF,#666699,#666699,#666699,#666699,#30FFFFFF,#30FFFFFF,#30FFFFFF
212,,DELAY,100,,,,,,,,,,,
213,,SHINE_YZ,0,8,#30FFFFFF,#30FFFFFF,#30FFFFFF,#666699,#666699,#666699,#666699,#30FFFFFF,#30FFFFFF,#30FFFFFF
214,,SHINE_YZ,1,8,#30FFFFFF,#30FFFFFF,#30FFFFFF,#30FFFFFF,#30FFFFFF,#30FFFFFF,#666699,#30FFFFFF,#30FFFFFF,#30FFFFFF
215,,SHINE_YZ,2,8,#30FFFFFF,#30FFFFFF,#30FFFFFF,#30FFFFFF,#30FFFFFF,#30FFFFFF,#666699,#30FFFFFF,#30FFFFFF,#30FFFFFF
216,,SHINE_YZ,3,8,#30FFFFFF,#30FFFFFF,#30FFFFFF,#30FFFFFF,#30FFFFFF,#30FFFFFF,#666699,#30FFFFFF,#30FFFFFF,#30FFFFFF
217,,SHINE_YZ,4,8,#30FFFFFF,#30FFFFFF,#30FFFFFF,#666699,#666699,#666699,#666699,#30FFFFFF,#30FFFFFF,#30FFFFFF
218,,SHINE_YZ,5,8,#30FFFFFF,#30FFFFFF,#30FFFFFF,#30FFFFFF,#30FFFFFF,#30FFFFFF,#666699,#30FFFFFF,#30FFFFFF,#30FFFFFF
219,,SHINE_YZ,6,8,#30FFFFFF,#30FFFFFF,#30FFFFFF,#30FFFFFF,#30FFFFFF,#30FFFFFF,#666699,#30FFFFFF,#30FFFFFF,#30FFFFFF
220,,SHINE_YZ,7,8,#30FFFFFF,#30FFFFFF,#30FFFFFF,#30FFFFFF,#30FFFFFF,#30FFFFFF,#666699,#30FFFFFF,#30FFFFFF,#30FFFFFF
221,,SHINE_YZ,8,8,#30FFFFFF,#30FFFFFF,#30FFFFFF,#666699,#666699,#666699,#666699,#30FFFFFF,#30FFFFFF,#30FFFFFF
222,,DELAY,100,,,,,,,,,,,
223,,SHINE_YZ,0,7,#30FFFFFF,#30FFFFFF,#30FFFFFF,#666699,#666699,#666699,#666699,#30FFFFFF,#30FFFFFF,#30FFFFFF
224,,SHINE_YZ,1,7,#30FFFFFF,#30FFFFFF,#30FFFFFF,#30FFFFFF,#30FFFFFF,#30FFFFFF,#666699,#30FFFFFF,#30FFFFFF,#30FFFFFF
225,,SHINE_YZ,2,7,#30FFFFFF,#30FFFFFF,#30FFFFFF,#30FFFFFF,#30FFFFFF,#30FFFFFF,#666699,#30FFFFFF,#30FFFFFF,#30FFFFFF
226,,SHINE_YZ,3,7,#30FFFFFF,#30FFFFFF,#30FFFFFF,#30FFFFFF,#30FFFFFF,#30FFFFFF,#666699,#30FFFFFF,#30FFFFFF,#30FFFFFF
227,,SHINE_YZ,4,7,#30FFFFFF,#30FFFFFF,#30FFFFFF,#666699,#666699,#666699,#666699,#30FFFFFF,#30FFFFFF,#30FFFFFF
228,,SHINE_YZ,5,7,#30FFFFFF,#30FFFFFF,#30FFFFFF,#30FFFFFF,#30FFFFFF,#30FFFFFF,#666699,#30FFFFFF,#30FFFFFF,#30FFFFFF
229,,SHINE_YZ,6,7,#30FFFFFF,#30FFFFFF,#30FFFFFF,#30FFFFFF,#30FFFFFF,#30FFFFFF,#666699,#30FFFFFF,#30FFFFFF,#30FFFFFF
230,,SHINE_YZ,7,7,#30FFFFFF,#30FFFFFF,#30FFFFFF,#30FFFFFF,#30FFFFFF,#30FFFFFF,#666699,#30FFFFFF,#30FFFFFF,#30FFFFFF
231,,SHINE_YZ,8,7,#30FFFFFF,#30FFFFFF,#30FFFFFF,#666699,#666699,#666699,#666699,#30FFFFFF,#30FFFFFF,#30FFFFFF
232,,DELAY,100,,,,,,,,,,,
233,,SHINE_YZ,0,6,#30FFFFFF,#30FFFFFF,#30FFFFFF,#666699,#666699,#666699,#666699,#30FFFFFF,#30FFFFFF,#30FFFFFF
234,,SHINE_YZ,1,6,#30FFFFFF,#30FFFFFF,#30FFFFFF,#30FFFFFF,#30FFFFFF,#30FFFFFF,#666699,#30FFFFFF,#30FFFFFF,#30FFFFFF
235,,SHINE_YZ,2,6,#30FFFFFF,#30FFFFFF,#30FFFFFF,#30FFFFFF,#30FFFFFF,#30FFFFFF,#666699,#30FFFFFF,#30FFFFFF,#30FFFFFF
236,,SHINE_YZ,3,6,#30FFFFFF,#30FFFFFF,#30FFFFFF,#30FFFFFF,#30FFFFFF,#30FFFFFF,#666699,#30FFFFFF,#30FFFFFF,#30FFFFFF
237,,SHINE_YZ,4,6,#30FFFFFF,#30FFFFFF,#30FFFFFF,#666699,#666699,#666699,#666699,#30FFFFFF,#30FFFFFF,#30FFFFFF
238,,SHINE_YZ,5,6,#30FFFFFF,#30FFFFFF,#30FFFFFF,#30FFFFFF,#30FFFFFF,#30FFFFFF,#666699,#30FFFFFF,#30FFFFFF,#30FFFFFF
239,,SHINE_YZ,6,6,#30FFFFFF,#30FFFFFF,#30FFFFFF,#30FFFFFF,#30FFFFFF,#30FFFFFF,#666699,#30FFFFFF,#30FFFFFF,#30FFFFFF
240,,SHINE_YZ,7,6,#30FFFFFF,#30FFFFFF,#30FFFFFF,#30FFFFFF,#30FFFFFF,#30FFFFFF,#666699,#30FFFFFF,#30FFFFFF,#30FFFFFF
241,,SHINE_YZ,8,6,#30FFFFFF,#30FFFFFF,#30FFFFFF,#666699,#666699,#666699,#666699,#30FFFFFF,#30FFFFFF,#30FFFFFF
242,,DELAY,100,,,,,,,,,,,
243,,SHINE_YZ,0,5,#30FFFFFF,#30FFFFFF,#30FFFFFF,#666699,#666699,#666699,#666699,#30FFFFFF,#30FFFFFF,#30FFFFFF
244,,SHINE_YZ,1,5,#30FFFFFF,#30FFFFFF,#30FFFFFF,#30FFFFFF,#30FFFFFF,#30FFFFFF,#666699,#30FFFFFF,#30FFFFFF,#30FFFFFF
245,,SHINE_YZ,2,5,#30FFFFFF,#30FFFFFF,#30FFFFFF,#30FFFFFF,#30FFFFFF,#30FFFFFF,#666699,#30FFFFFF,#30FFFFFF,#30FFFFFF
246,,SHINE_YZ,3,5,#30FFFFFF,#30FFFFFF,#30FFFFFF,#30FFFFFF,#30FFFFFF,#30FFFFFF,#666699,#30FFFFFF,#30FFFFFF,#30FFFFFF
247,,SHINE_YZ,4,5,#30FFFFFF,#30FFFFFF,#30FFFFFF,#666699,#666699,#666699,#666699,#30FFFFFF,#30FFFFFF,#30FFFFFF
248,,SHINE_YZ,5,5,#30FFFFFF,#30FFFFFF,#30FFFFFF,#30FFFFFF,#30FFFFFF,#30FFFFFF,#666699,#30FFFFFF,#30FFFFFF,#30FFFFFF
249,,SHINE_YZ,6,5,#30FFFFFF,#30FFFFFF,#30FFFFFF,#30FFFFFF,#30FFFFFF,#30FFFFFF,#666699,#30FFFFFF,#30FFFFFF,#30FFFFFF
250,,SHINE_YZ,7,5,#30FFFFFF,#30FFFFFF,#30FFFFFF,#30FFFFFF,#30FFFFFF,#30FFFFFF,#666699,#30FFFFFF,#30FFFFFF,#30FFFFFF
251,,SHINE_YZ,8,5,#30FFFFFF,#30FFFFFF,#30FFFFFF,#666699,#666699,#666699,#666699,#30FFFFFF,#30FFFFFF,#30FFFFFF
252,,DELAY,100,,,,,,,,,,,
253,,SHINE_YZ,0,4,#30FFFFFF,#30FFFFFF,#30FFFFFF,#666699,#666699,#666699,#666699,#30FFFFFF,#30FFFFFF,#30FFFFFF
254,,SHINE_YZ,1,4,#30FFFFFF,#30FFFFFF,#30FFFFFF,#30FFFFFF,#30FFFFFF,#30FFFFFF,#666699,#30FFFFFF,#30FFFFFF,#30FFFFFF
255,,SHINE_YZ,2,4,#30FFFFFF,#30FFFFFF,#30FFFFFF,#30FFFFFF,#30FFFFFF,#30FFFFFF,#666699,#30FFFFFF,#30FFFFFF,#30FFFFFF
256,,SHINE_YZ,3,4,#30FFFFFF,#30FFFFFF,#30FFFFFF,#30FFFFFF,#30FFFFFF,#30FFFFFF,#666699,#30FFFFFF,#30FFFFFF,#30FFFFFF
257,,SHINE_YZ,4,4,#30FFFFFF,#30FFFFFF,#30FFFFFF,#666699,#666699,#666699,#666699,#30FFFFFF,#30FFFFFF,#30FFFFFF
258,,SHINE_YZ,5,4,#30FFFFFF,#30FFFFFF,#30FFFFFF,#30FFFFFF,#30FFFFFF,#30FFFFFF,#666699,#30FFFFFF,#30FFFFFF,#30FFFFFF
259,,SHINE_YZ,6,4,#30FFFFFF,#30FFFFFF,#30FFFFFF,#30FFFFFF,#30FFFFFF,#30FFFFFF,#666699,#30FFFFFF,#30FFFFFF,#30FFFFFF
260,,SHINE_YZ,7,4,#30FFFFFF,#30FFFFFF,#30FFFFFF,#30FFFFFF,#30FFFFFF,#30FFFFFF,#666699,#30FFFFFF,#30FFFFFF,#30FFFFFF
261,,SHINE_YZ,8,4,#30FFFFFF,#30FFFFFF,#30FFFFFF,#666699,#666699,#666699,#666699,#30FFFFFF,#30FFFFFF,#30FFFFFF
262,,DELAY,100,,,,,,,,,,,
263,,SHINE_YZ,0,3,#30FFFFFF,#30FFFFFF,#30FFFFFF,#666699,#666699,#666699,#666699,#30FFFFFF,#30FFFFFF,#30FFFFFF
264,,SHINE_YZ,1,3,#30FFFFFF,#30FFFFFF,#30FFFFFF,#30FFFFFF,#30FFFFFF,#30FFFFFF,#666699,#30FFFFFF,#30FFFFFF,#30FFFFFF
265,,SHINE_YZ,2,3,#30FFFFFF,#30FFFFFF,#30FFFFFF,#30FFFFFF,#30FFFFFF,#30FFFFFF,#666699,#30FFFFFF,#30FFFFFF,#30FFFFFF
266,,SHINE_YZ,3,3,#30FFFFFF,#30FFFFFF,#30FFFFFF,#30FFFFFF,#30FFFFFF,#30FFFFFF,#666699,#30FFFFFF,#30FFFFFF,#30FFFFFF
267,,SHINE_YZ,4,3,#30FFFFFF,#30FFFFFF,#30FFFFFF,#666699,#666699,#666699,#666699,#30FFFFFF,#30FFFFFF,#30FFFFFF
268,,SHINE_YZ,5,3,#30FFFFFF,#30FFFFFF,#30FFFFFF,#30FFFFFF,#30FFFFFF,#30FFFFFF,#666699,#30FFFFFF,#30FFFFFF,#30FFFFFF
269,,SHINE_YZ,6,3,#30FFFFFF,#30FFFFFF,#30FFFFFF,#30FFFFFF,#30FFFFFF,#30FFFFFF,#666699,#30FFFFFF,#30FFFFFF,#30FFFFFF
270,,SHINE_YZ,7,3,#30FFFFFF,#30FFFFFF,#30FFFFFF,#30FFFFFF,#30FFFFFF,#30FFFFFF,#666699,#30FFFFFF,#30FFFFFF,#30FFFFFF
271,,SHINE_YZ,8,3,#30FFFFFF,#30FFFFFF,#30FFFFFF,#666699,#666699,#666699,#666699,#30FFFFFF,#30FFFFFF,#30FFFFFF
272,,DELAY,100,,,,,,,,,,,
273,,SHINE_YZ,0,2,#30FFFFFF,#30FFFFFF,#30FFFFFF,#666699,#666699,#666699,#666699,#30FFFFFF,#30FFFFFF,#30FFFFFF
274,,SHINE_YZ,1,2,#30FFFFFF,#30FFFFFF,#30FFFFFF,#30FFFFFF,#30FFFFFF,#30FFFFFF,#666699,#30FFFFFF,#30FFFFFF,#30FFFFFF
275,,SHINE_YZ,2,2,#30FFFFFF,#30FFFFFF,#30FFFFFF,#30FFFFFF,#30FFFFFF,#30FFFFFF,#666699,#30FFFFFF,#30FFFFFF,#30FFFFFF
276,,SHINE_YZ,3,2,#30FFFFFF,#30FFFFFF,#30FFFFFF,#30FFFFFF,#30FFFFFF,#30FFFFFF,#666699,#30FFFFFF,#30FFFFFF,#30FFFFFF
277,,SHINE_YZ,4,2,#30FFFFFF,#30FFFFFF,#30FFFFFF,#666699,#666699,#666699,#666699,#30FFFFFF,#30FFFFFF,#30FFFFFF
278,,SHINE_YZ,5,2,#30FFFFFF,#30FFFFFF,#30FFFFFF,#30FFFFFF,#30FFFFFF,#30FFFFFF,#666699,#30FFFFFF,#30FFFFFF,#30FFFFFF
279,,SHINE_YZ,6,2,#30FFFFFF,#30FFFFFF,#30FFFFFF,#30FFFFFF,#30FFFFFF,#30FFFFFF,#666699,#30FFFFFF,#30FFFFFF,#30FFFFFF
280,,SHINE_YZ,7,2,#30FFFFFF,#30FFFFFF,#30FFFFFF,#30FFFFFF,#30FFFFFF,#30FFFFFF,#666699,#30FFFFFF,#30FFFFFF,#30FFFFFF
281,,SHINE_YZ,8,2,#30FFFFFF,#30FFFFFF,#30FFFFFF,#666699,#666699,#666699,#666699,#30FFFFFF,#30FFFFFF,#30FFFFFF
282,,DELAY,100,,,,,,,,,,,
283,,SHINE_YZ,0,1,#30FFFFFF,#30FFFFFF,#30FFFFFF,#666699,#666699,#666699,#666699,#30FFFFFF,#30FFFFFF,#30FFFFFF
284,,SHINE_YZ,1,1,#30FFFFFF,#30FFFFFF,#30FFFFFF,#30FFFFFF,#30FFFFFF,#30FFFFFF,#666699,#30FFFFFF,#30FFFFFF,#30FFFFFF
285,,SHINE_YZ,2,1,#30FFFFFF,#30FFFFFF,#30FFFFFF,#30FFFFFF,#30FFFFFF,#30FFFFFF,#666699,#30FFFFFF,#30FFFFFF,#30FFFFFF
286,,SHINE_YZ,3,1,#30FFFFFF,#30FFFFFF,#30FFFFFF,#30FFFFFF,#30FFFFFF,#30FFFFFF,#666699,#30FFFFFF,#30FFFFFF,#30FFFFFF
287,,SHINE_YZ,4,1,#30FFFFFF,#30FFFFFF,#30FFFFFF,#666699,#666699,#666699,#666699,#30FFFFFF,#30FFFFFF,#30FFFFFF
288,,SHINE_YZ,5,1,#30FFFFFF,#30FFFFFF,#30FFFFFF,#30FFFFFF,#30FFFFFF,#30FFFFFF,#666699,#30FFFFFF,#30FFFFFF,#30FFFFFF
289,,SHINE_YZ,6,1,#30FFFFFF,#30FFFFFF,#30FFFFFF,#30FFFFFF,#30FFFFFF,#30FFFFFF,#666699,#30FFFFFF,#30FFFFFF,#30FFFFFF
290,,SHINE_YZ,7,1,#30FFFFFF,#30FFFFFF,#30FFFFFF,#30FFFFFF,#30FFFFFF,#30FFFFFF,#666699,#30FFFFFF,#30FFFFFF,#30FFFFFF
291,,SHINE_YZ,8,1,#30FFFFFF,#30FFFFFF,#30FFFFFF,#666699,#666699,#666699,#666699,#30FFFFFF,#30FFFFFF,#30FFFFFF
292,,DELAY,100,,,,,,,,,,,
293,,SHINE_YZ,0,0,#30FFFFFF,#30FFFFFF,#30FFFFFF,#666699,#666699,#666699,#666699,#30FFFFFF,#30FFFFFF,#30FFFFFF
294,,SHINE_YZ,1,0,#30FFFFFF,#30FFFFFF,#30FFFFFF,#30FFFFFF,#30FFFFFF,#30FFFFFF,#666699,#30FFFFFF,#30FFFFFF,#30FFFFFF
295,,SHINE_YZ,2,0,#30FFFFFF,#30FFFFFF,#30FFFFFF,#30FFFFFF,#30FFFFFF,#30FFFFFF,#666699,#30FFFFFF,#30FFFFFF,#30FFFFFF
296,,SHINE_YZ,3,0,#30FFFFFF,#30FFFFFF,#30FFFFFF,#30FFFFFF,#30FFFFFF,#30FFFFFF,#666699,#30FFFFFF,#30FFFFFF,#30FFFFFF
297,,SHINE_YZ,4,0,#30FFFFFF,#30FFFFFF,#30FFFFFF,#666699,#666699,#666699,#666699,#30FFFFFF,#30FFFFFF,#30FFFFFF
298,,SHINE_YZ,5,0,#30FFFFFF,#30FFFFFF,#30FFFFFF,#30FFFFFF,#30FFFFFF,#30FFFFFF,#666699,#30FFFFFF,#30FFFFFF,#30FFFFFF
299,,SHINE_YZ,6,0,#30FFFFFF,#30FFFFFF,#30FFFFFF,#30FFFFFF,#30FFFFFF,#30FFFFFF,#666699,#30FFFFFF,#30FFFFFF,#30FFFFFF
300,,SHINE_YZ,7,0,#30FFFFFF,#30FFFFFF,#30FFFFFF,#30FFFFFF,#30FFFFFF,#30FFFFFF,#666699,#30FFFFFF,#30FFFFFF,#30FFFFFF
301,,SHINE_YZ,8,0,#30FFFFFF,#30FFFFFF,#30FFFFFF,#666699,#666699,#666699,#666699,#30FFFFFF,#30FFFFFF,#30FFFFFF
302,,DELAY,100,,,,,,,,,,,
303,,FILL_ALL,#30FFFFFF,,,,,,,,,,,
304,,SHINE_YZ,0,9,#30FFFFFF,#30FFFFFF,#30FFFFFF,#FF9900,#FF9900,#FF9900,#FF9900,#30FFFFFF,#30FFFFFF,#30FFFFFF
305,,SHINE_YZ,1,9,#30FFFFFF,#30FFFFFF,#30FFFFFF,#30FFFFFF,#30FFFFFF,#30FFFFFF,#FF9900,#30FFFFFF,#30FFFFFF,#30FFFFFF
306,,SHINE_YZ,2,9,#30FFFFFF,#30FFFFFF,#30FFFFFF,#30FFFFFF,#30FFFFFF,#30FFFFFF,#FF9900,#30FFFFFF,#30FFFFFF,#30FFFFFF
307,,SHINE_YZ,3,9,#30FFFFFF,#30FFFFFF,#30FFFFFF,#30FFFFFF,#30FFFFFF,#30FFFFFF,#FF9900,#30FFFFFF,#30FFFFFF,#30FFFFFF
308,,SHINE_YZ,4,9,#30FFFFFF,#30FFFFFF,#30FFFFFF,#FF9900,#FF9900,#FF9900,#FF9900,#30FFFFFF,#30FFFFFF,#30FFFFFF
309,,SHINE_YZ,5,9,#30FFFFFF,#30FFFFFF,#30FFFFFF,#FF9900,#30FFFFFF,#30FFFFFF,#30FFFFFF,#30FFFFFF,#30FFFFFF,#30FFFFFF
310,,SHINE_YZ,6,9,#30FFFFFF,#30FFFFFF,#30FFFFFF,#FF9900,#30FFFFFF,#30FFFFFF,#30FFFFFF,#30FFFFFF,#30FFFFFF,#30FFFFFF
311,,SHINE_YZ,7,9,#30FFFFFF,#30FFFFFF,#30FFFFFF,#FF9900,#30FFFFFF,#30FFFFFF,#30FFFFFF,#30FFFFFF,#30FFFFFF,#30FFFFFF
312,,SHINE_YZ,8,9,#30FFFFFF,#30FFFFFF,#30FFFFFF,#FF9900,#FF9900,#FF9900,#FF9900,#30FFFFFF,#30FFFFFF,#30FFFFFF
313,,DELAY,100,,,,,,,,,,,
314,,SHINE_YZ,0,8,#30FFFFFF,#30FFFFFF,#30FFFFFF,#FF9900,#FF9900,#FF9900,#FF9900,#30FFFFFF,#30FFFFFF,#30FFFFFF
315,,SHINE_YZ,1,8,#30FFFFFF,#30FFFFFF,#30FFFFFF,#30FFFFFF,#30FFFFFF,#30FFFFFF,#FF9900,#30FFFFFF,#30FFFFFF,#30FFFFFF
316,,SHINE_YZ,2,8,#30FFFFFF,#30FFFFFF,#30FFFFFF,#30FFFFFF,#30FFFFFF,#30FFFFFF,#FF9900,#30FFFFFF,#30FFFFFF,#30FFFFFF
317,,SHINE_YZ,3,8,#30FFFFFF,#30FFFFFF,#30FFFFFF,#30FFFFFF,#30FFFFFF,#30FFFFFF,#FF9900,#30FFFFFF,#30FFFFFF,#30FFFFFF
318,,SHINE_YZ,4,8,#30FFFFFF,#30FFFFFF,#30FFFFFF,#FF9900,#FF9900,#FF9900,#FF9900,#30FFFFFF,#30FFFFFF,#30FFFFFF
319,,SHINE_YZ,5,8,#30FFFFFF,#30FFFFFF,#30FFFFFF,#FF9900,#30FFFFFF,#30FFFFFF,#30FFFFFF,#30FFFFFF,#30FFFFFF,#30FFFFFF
320,,SHINE_YZ,6,8,#30FFFFFF,#30FFFFFF,#30FFFFFF,#FF9900,#30FFFFFF,#30FFFFFF,#30FFFFFF,#30FFFFFF,#30FFFFFF,#30FFFFFF
321,,SHINE_YZ,7,8,#30FFFFFF,#30FFFFFF,#30FFFFFF,#FF9900,#30FFFFFF,#30FFFFFF,#30FFFFFF,#30FFFFFF,#30FFFFFF,#30FFFFFF
322,,SHINE_YZ,8,8,#30FFFFFF,#30FFFFFF,#30FFFFFF,#FF9900,#FF9900,#FF9900,#FF9900,#30FFFFFF,#30FFFFFF,#30FFFFFF
323,,DELAY,100,,,,,,,,,,,
324,,SHINE_YZ,0,7,#30FFFFFF,#30FFFFFF,#30FFFFFF,#FF9900,#FF9900,#FF9900,#FF9900,#30FFFFFF,#30FFFFFF,#30FFFFFF
325,,SHINE_YZ,1,7,#30FFFFFF,#30FFFFFF,#30FFFFFF,#30FFFFFF,#30FFFFFF,#30FFFFFF,#FF9900,#30FFFFFF,#30FFFFFF,#30FFFFFF
326,,SHINE_YZ,2,7,#30FFFFFF,#30FFFFFF,#30FFFFFF,#30FFFFFF,#30FFFFFF,#30FFFFFF,#FF9900,#30FFFFFF,#30FFFFFF,#30FFFFFF
327,,SHINE_YZ,3,7,#30FFFFFF,#30FFFFFF,#30FFFFFF,#30FFFFFF,#30FFFFFF,#30FFFFFF,#FF9900,#30FFFFFF,#30FFFFFF,#30FFFFFF
328,,SHINE_YZ,4,7,#30FFFFFF,#30FFFFFF,#30FFFFFF,#FF9900,#FF9900,#FF9900,#FF9900,#30FFFFFF,#30FFFFFF,#30FFFFFF
329,,SHINE_YZ,5,7,#30FFFFFF,#30FFFFFF,#30FFFFFF,#FF9900,#30FFFFFF,#30FFFFFF,#30FFFFFF,#30FFFFFF,#30FFFFFF,#30FFFFFF
330,,SHINE_YZ,6,7,#30FFFFFF,#30FFFFFF,#30FFFFFF,#FF9900,#30FFFFFF,#30FFFFFF,#30FFFFFF,#30FFFFFF,#30FFFFFF,#30FFFFFF
331,,SHINE_YZ,7,7,#30FFFFFF,#30FFFFFF,#30FFFFFF,#FF9900,#30FFFFFF,#30FFFFFF,#30FFFFFF,#30FFFFFF,#30FFFFFF,#30FFFFFF
332,,SHINE_YZ,8,7,#30FFFFFF,#30FFFFFF,#30FFFFFF,#FF9900,#FF9900,#FF9900,#FF9900,#30FFFFFF,#30FFFFFF,#30FFFFFF
333,,DELAY,100,,,,,,,,,,,
334,,SHINE_YZ,0,6,#30FFFFFF,#30FFFFFF,#30FFFFFF,#FF9900,#FF9900,#FF9900,#FF9900,#30FFFFFF,#30FFFFFF,#30FFFFFF
335,,SHINE_YZ,1,6,#30FFFFFF,#30FFFFFF,#30FFFFFF,#30FFFFFF,#30FFFFFF,#30FFFFFF,#FF9900,#30FFFFFF,#30FFFFFF,#30FFFFFF
336,,SHINE_YZ,2,6,#30FFFFFF,#30FFFFFF,#30FFFFFF,#30FFFFFF,#30FFFFFF,#30FFFFFF,#FF9900,#30FFFFFF,#30FFFFFF,#30FFFFFF
337,,SHINE_YZ,3,6,#30FFFFFF,#30FFFFFF,#30FFFFFF,#30FFFFFF,#30FFFFFF,#30FFFFFF,#FF9900,#30FFFFFF,#30FFFFFF,#30FFFFFF
338,,SHINE_YZ,4,6,#30FFFFFF,#30FFFFFF,#30FFFFFF,#FF9900,#FF9900,#FF9900,#FF9900,#30FFFFFF,#30FFFFFF,#30FFFFFF
339,,SHINE_YZ,5,6,#30FFFFFF,#30FFFFFF,#30FFFFFF,#FF9900,#30FFFFFF,#30FFFFFF,#30FFFFFF,#30FFFFFF,#30FFFFFF,#30FFFFFF
340,,SHINE_YZ,6,6,#30FFFFFF,#30FFFFFF,#30FFFFFF,#FF9900,#30FFFFFF,#30FFFFFF,#30FFFFFF,#30FFFFFF,#30FFFFFF,#30FFFFFF
341,,SHINE_YZ,7,6,#30FFFFFF,#30FFFFFF,#30FFFFFF,#FF9900,#30FFFFFF,#30FFFFFF,#30FFFFFF,#30FFFFFF,#30FFFFFF,#30FFFFFF
342,,SHINE_YZ,8,6,#30FFFFFF,#30FFFFFF,#30FFFFFF,#FF9900,#FF9900,#FF9900,#FF9900,#30FFFFFF,#30FFFFFF,#30FFFFFF
343,,DELAY,100,,,,,,,,,,,
344,,SHINE_YZ,0,5,#30FFFFFF,#30FFFFFF,#30FFFFFF,#FF9900,#FF9900,#FF9900,#FF9900,#30FFFFFF,#30FFFFFF,#30FFFFFF
345,,SHINE_YZ,1,5,#30FFFFFF,#30FFFFFF,#30FFFFFF,#30FFFFFF,#30FFFFFF,#30FFFFFF,#FF9900,#30FFFFFF,#30FFFFFF,#30FFFFFF
346,,SHINE_YZ,2,5,#30FFFFFF,#30FFFFFF,#30FFFFFF,#30FFFFFF,#30FFFFFF,#30FFFFFF,#FF9900,#30FFFFFF,#30FFFFFF,#30FFFFFF
347,,SHINE_YZ,3,5,#30FFFFFF,#30FFFFFF,#30FFFFFF,#30FFFFFF,#30FFFFFF,#30FFFFFF,#FF9900,#30FFFFFF,#30FFFFFF,#30FFFFFF
348,,SHINE_YZ,4,5,#30FFFFFF,#30FFFFFF,#30FFFFFF,#FF9900,#FF9900,#FF9900,#FF9900,#30FFFFFF,#30FFFFFF,#30FFFFFF
349,,SHINE_YZ,5,5,#30FFFFFF,#30FFFFFF,#30FFFFFF,#FF9900,#30FFFFFF,#30FFFFFF,#30FFFFFF,#30FFFFFF,#30FFFFFF,#30FFFFFF
350,,SHINE_YZ,6,5,#30FFFFFF,#30FFFFFF,#30FFFFFF,#FF9900,#30FFFFFF,#30FFFFFF,#30FFFFFF,#30FFFFFF,#30FFFFFF,#30FFFFFF
351,,SHINE_YZ,7,5,#30FFFFFF,#30FFFFFF,#30FFFFFF,#FF9900,#30FFFFFF,#30FFFFFF,#30FFFFFF,#30FFFFFF,#30FFFFFF,#30FFFFFF
352,,SHINE_YZ,8,5,#30FFFFFF,#30FFFFFF,#30FFFFFF,#FF9900,#FF9900,#FF9900,#FF9900,#30FFFFFF,#30FFFFFF,#30FFFFFF
353,,DELAY,100,,,,,,,,,,,
354,,SHINE_YZ,0,4,#30FFFFFF,#30FFFFFF,#30FFFFFF,#FF9900,#FF9900,#FF9900,#FF9900,#30FFFFFF,#30FFFFFF,#30FFFFFF
355,,SHINE_YZ,1,4,#30FFFFFF,#30FFFFFF,#30FFFFFF,#30FFFFFF,#30FFFFFF,#30FFFFFF,#FF9900,#30FFFFFF,#30FFFFFF,#30FFFFFF
356,,SHINE_YZ,2,4,#30FFFFFF,#30FFFFFF,#30FFFFFF,#30FFFFFF,#30FFFFFF,#30FFFFFF,#FF9900,#30FFFFFF,#30FFFFFF,#30FFFFFF
357,,SHINE_YZ,3,4,#30FFFFFF,#30FFFFFF,#30FFFFFF,#30FFFFFF,#30FFFFFF,#30FFFFFF,#FF9900,#30FFFFFF,#30FFFFFF,#30FFFFFF
358,,SHINE_YZ,4,4,#30FFFFFF,#30FFFFFF,#30FFFFFF,#FF9900,#FF9900,#FF9900,#FF9900,#30FFFFFF,#30FFFFFF,#30FFFFFF
359,,SHINE_YZ,5,4,#30FFFFFF,#30FFFFFF,#30FFFFFF,#FF9900,#30FFFFFF,#30FFFFFF,#30FFFFFF,#30FFFFFF,#30FFFFFF,#30FFFFFF
360,,SHINE_YZ,6,4,#30FFFFFF,#30FFFFFF,#30FFFFFF,#FF9900,#30FFFFFF,#30FFFFFF,#30FFFFFF,#30FFFFFF,#30FFFFFF,#30FFFFFF
361,,SHINE_YZ,7,4,#30FFFFFF,#30FFFFFF,#30FFFFFF,#FF9900,#30FFFFFF,#30FFFFFF,#30FFFFFF,#30FFFFFF,#30FFFFFF,#30FFFFFF
362,,SHINE_YZ,8,4,#30FFFFFF,#30FFFFFF,#30FFFFFF,#FF9900,#FF9900,#FF9900,#FF9900,#30FFFFFF,#30FFFFFF,#30FFFFFF
363,,DELAY,100,,,,,,,,,,,
364,,SHINE_YZ,0,3,#30FFFFFF,#30FFFFFF,#30FFFFFF,#FF9900,#FF9900,#FF9900,#FF9900,#30FFFFFF,#30FFFFFF,#30FFFFFF
365,,SHINE_YZ,1,3,#30FFFFFF,#30FFFFFF,#30FFFFFF,#30FFFFFF,#30FFFFFF,#30FFFFFF,#FF9900,#30FFFFFF,#30FFFFFF,#30FFFFFF
366,,SHINE_YZ,2,3,#30FFFFFF,#30FFFFFF,#30FFFFFF,#30FFFFFF,#30FFFFFF,#30FFFFFF,#FF9900,#30FFFFFF,#30FFFFFF,#30FFFFFF
367,,SHINE_YZ,3,3,#30FFFFFF,#30FFFFFF,#30FFFFFF,#30FFFFFF,#30FFFFFF,#30FFFFFF,#FF9900,#30FFFFFF,#30FFFFFF,#30FFFFFF
368,,SHINE_YZ,4,3,#30FFFFFF,#30FFFFFF,#30FFFFFF,#FF9900,#FF9900,#FF9900,#FF9900,#30FFFFFF,#30FFFFFF,#30FFFFFF
369,,SHINE_YZ,5,3,#30FFFFFF,#30FFFFFF,#30FFFFFF,#FF9900,#30FFFFFF,#30FFFFFF,#30FFFFFF,#30FFFFFF,#30FFFFFF,#30FFFFFF
370,,SHINE_YZ,6,3,#30FFFFFF,#30FFFFFF,#30FFFFFF,#FF9900,#30FFFFFF,#30FFFFFF,#30FFFFFF,#30FFFFFF,#30FFFFFF,#30FFFFFF
371,,SHINE_YZ,7,3,#30FFFFFF,#30FFFFFF,#30FFFFFF,#FF9900,#30FFFFFF,#30FFFFFF,#30FFFFFF,#30FFFFFF,#30FFFFFF,#30FFFFFF
372,,SHINE_YZ,8,3,#30FFFFFF,#30FFFFFF,#30FFFFFF,#FF9900,#FF9900,#FF9900,#FF9900,#30FFFFFF,#30FFFFFF,#30FFFFFF
373,,DELAY,100,,,,,,,,,,,
374,,SHINE_YZ,0,2,#30FFFFFF,#30FFFFFF,#30FFFFFF,#FF9900,#FF9900,#FF9900,#FF9900,#30FFFFFF,#30FFFFFF,#30FFFFFF
375,,SHINE_YZ,1,2,#30FFFFFF,#30FFFFFF,#30FFFFFF,#30FFFFFF,#30FFFFFF,#30FFFFFF,#FF9900,#30FFFFFF,#30FFFFFF,#30FFFFFF
376,,SHINE_YZ,2,2,#30FFFFFF,#30FFFFFF,#30FFFFFF,#30FFFFFF,#30FFFFFF,#30FFFFFF,#FF9900,#30FFFFFF,#30FFFFFF,#30FFFFFF
377,,SHINE_YZ,3,2,#30FFFFFF,#30FFFFFF,#30FFFFFF,#30FFFFFF,#30FFFFFF,#30FFFFFF,#FF9900,#30FFFFFF,#30FFFFFF,#30FFFFFF
378,,SHINE_YZ,4,2,#30FFFFFF,#30FFFFFF,#30FFFFFF,#FF9900,#FF9900,#FF9900,#FF9900,#30FFFFFF,#30FFFFFF,#30FFFFFF
379,,SHINE_YZ,5,2,#30FFFFFF,#30FFFFFF,#30FFFFFF,#FF9900,#30FFFFFF,#30FFFFFF,#30FFFFFF,#30FFFFFF,#30FFFFFF,#30FFFFFF
380,,SHINE_YZ,6,2,#30FFFFFF,#30FFFFFF,#30FFFFFF,#FF9900,#30FFFFFF,#30FFFFFF,#30FFFFFF,#30FFFFFF,#30FFFFFF,#30FFFFFF
381,,SHINE_YZ,7,2,#30FFFFFF,#30FFFFFF,#30FFFFFF,#FF9900,#30FFFFFF,#30FFFFFF,#30FFFFFF,#30FFFFFF,#30FFFFFF,#30FFFFFF
382,,SHINE_YZ,8,2,#30FFFFFF,#30FFFFFF,#30FFFFFF,#FF9900,#FF9900,#FF9900,#FF9900,#30FFFFFF,#30FFFFFF,#30FFFFFF
383,,DELAY,100,,,,,,,,,,,
384,,SHINE_YZ,0,1,#30FFFFFF,#30FFFFFF,#30FFFFFF,#FF9900,#FF9900,#FF9900,#FF9900,#30FFFFFF,#30FFFFFF,#30FFFFFF
385,,SHINE_YZ,1,1,#30FFFFFF,#30FFFFFF,#30FFFFFF,#30FFFFFF,#30FFFFFF,#30FFFFFF,#FF9900,#30FFFFFF,#30FFFFFF,#30FFFFFF
386,,SHINE_YZ,2,1,#30FFFFFF,#30FFFFFF,#30FFFFFF,#30FFFFFF,#30FFFFFF,#30FFFFFF,#FF9900,#30FFFFFF,#30FFFFFF,#30FFFFFF
387,,SHINE_YZ,3,1,#30FFFFFF,#30FFFFFF,#30FFFFFF,#30FFFFFF,#30FFFFFF,#30FFFFFF,#FF9900,#30FFFFFF,#30FFFFFF,#30FFFFFF
388,,SHINE_YZ,4,1,#30FFFFFF,#30FFFFFF,#30FFFFFF,#FF9900,#FF9900,#FF9900,#FF9900,#30FFFFFF,#30FFFFFF,#30FFFFFF
389,,SHINE_YZ,5,1,#30FFFFFF,#30FFFFFF,#30FFFFFF,#FF9900,#30FFFFFF,#30FFFFFF,#30FFFFFF,#30FFFFFF,#30FFFFFF,#30FFFFFF
390,,SHINE_YZ,6,1,#30FFFFFF,#30FFFFFF,#30FFFFFF,#FF9900,#30FFFFFF,#30FFFFFF,#30FFFFFF,#30FFFFFF,#30FFFFFF,#30FFFFFF
391,,SHINE_YZ,7,1,#30FFFFFF,#30FFFFFF,#30FFFFFF,#FF9900,#30FFFFFF,#30FFFFFF,#30FFFFFF,#30FFFFFF,#30FFFFFF,#30FFFFFF
392,,SHINE_YZ,8,1,#30FFFFFF,#30FFFFFF,#30FFFFFF,#FF9900,#FF9900,#FF9900,#FF9900,#30FFFFFF,#30FFFFFF,#30FFFFFF
393,,DELAY,100,,,,,,,,,,,
394,,SHINE_YZ,0,0,#30FFFFFF,#30FFFFFF,#30FFFFFF,#FF9900,#FF9900,#FF9900,#FF9900,#30FFFFFF,#30FFFFFF,#30FFFFFF
395,,SHINE_YZ,1,0,#30FFFFFF,#30FFFFFF,#30FFFFFF,#30FFFFFF,#30FFFFFF,#30FFFFFF,#FF9900,#30FFFFFF,#30FFFFFF,#30FFFFFF
396,,SHINE_YZ,2,0,#30FFFFFF,#30FFFFFF,#30FFFFFF,#30FFFFFF,#30FFFFFF,#30FFFFFF,#FF9900,#30FFFFFF,#30FFFFFF,#30FFFFFF
397,,SHINE_YZ,3,0,#30FFFFFF,#30FFFFFF,#30FFFFFF,#30FFFFFF,#30FFFFFF,#30FFFFFF,#FF9900,#30FFFFFF,#30FFFFFF,#30FFFFFF
398,,SHINE_YZ,4,0,#30FFFFFF,#30FFFFFF,#30FFFFFF,#FF9900,#FF9900,#FF9900,#FF9900,#30FFFFFF,#30FFFFFF,#30FFFFFF
399,,SHINE_YZ,5,0,#30FFFFFF,#30FFFFFF,#30FFFFFF,#FF9900,#30FFFFFF,#30FFFFFF,#30FFFFFF,#30FFFFFF,#30FFFFFF,#30FFFFFF
400,,SHINE_YZ,6,0,#30FFFFFF,#30FFFFFF,#30FFFFFF,#FF9900,#30FFFFFF,#30FFFFFF,#30FFFFFF,#30FFFFFF,#30FFFFFF,#30FFFFFF
401,,SHINE_YZ,7,0,#30FFFFFF,#30FFFFFF,#30FFFFFF,#FF9900,#30FFFFFF,#30FFFFFF,#30FFFFFF,#30FFFFFF,#30FFFFFF,#30FFFFFF
402,,SHINE_YZ,8,0,#30FFFFFF,#30FFFFFF,#30FFFFFF,#FF9900,#FF9900,#FF9900,#FF9900,#30FFFFFF,#30FFFFFF,#30FFFFFF
403,,DELAY,100,,,,,,,,,,,
404,,FILL_ALL,#30FFFFFF,,,,,,,,,,,
405,,SHINE_YZ,0,9,#30FFFFFF,#30FFFFFF,#30FFFFFF,#30FFFFFF,#FFFF00,#FFFF00,#30FFFFFF,#30FFFFFF,#30FFFFFF,#30FFFFFF
406,,SHINE_YZ,1,9,#30FFFFFF,#30FFFFFF,#30FFFFFF,#30FFFFFF,#FFFF00,#FFFF00,#30FFFFFF,#30FFFFFF,#30FFFFFF,#30FFFFFF
407,,SHINE_YZ,2,9,#30FFFFFF,#30FFFFFF,#30FFFFFF,#30FFFFFF,#FFFF00,#FFFF00,#30FFFFFF,#30FFFFFF,#30FFFFFF,#30FFFFFF
408,,SHINE_YZ,3,9,#30FFFFFF,#30FFFFFF,#30FFFFFF,#30FFFFFF,#FFFF00,#FFFF00,#30FFFFFF,#30FFFFFF,#30FFFFFF,#30FFFFFF
409,,SHINE_YZ,4,9,#30FFFFFF,#30FFFFFF,#30FFFFFF,#30FFFFFF,#FFFF00,#FFFF00,#30FFFFFF,#30FFFFFF,#30FFFFFF,#30FFFFFF
410,,SHINE_YZ,5,9,#30FFFFFF,#30FFFFFF,#30FFFFFF,#30FFFFFF,#FFFF00,#FFFF00,#30FFFFFF,#30FFFFFF,#30FFFFFF,#30FFFFFF
411,,SHINE_YZ,6,9,#30FFFFFF,#30FFFFFF,#30FFFFFF,#30FFFFFF,#FFFF00,#FFFF00,#30FFFFFF,#30FFFFFF,#30FFFFFF,#30FFFFFF
412,,SHINE_YZ,7,9,#30FFFFFF,#30FFFFFF,#30FFFFFF,#30FFFFFF,#FFFF00,#FFFF00,#30FFFFFF,#30FFFFFF,#30FFFFFF,#30FFFFFF
413,,SHINE_YZ,8,9,#30FFFFFF,#30FFFFFF,#30FFFFFF,#30FFFFFF,#FFFF00,#FFFF00,#30FFFFFF,#30FFFFFF,#30FFFFFF,#30FFFFFF
414,,DELAY,100,,,,,,,,,,,
415,,SHINE_YZ,0,8,#30FFFFFF,#30FFFFFF,#30FFFFFF,#30FFFFFF,#FFFF00,#FFFF00,#30FFFFFF,#30FFFFFF,#30FFFFFF,#30FFFFFF
416,,SHINE_YZ,1,8,#30FFFFFF,#30FFFFFF,#30FFFFFF,#30FFFFFF,#FFFF00,#FFFF00,#30FFFFFF,#30FFFFFF,#30FFFFFF,#30FFFFFF
417,,SHINE_YZ,2,8,#30FFFFFF,#30FFFFFF,#30FFFFFF,#30FFFFFF,#FFFF00,#FFFF00,#30FFFFFF,#30FFFFFF,#30FFFFFF,#30FFFFFF
418,,SHINE_YZ,3,8,#30FFFFFF,#30FFFFFF,#30FFFFFF,#30FFFFFF,#FFFF00,#FFFF00,#30FFFFFF,#30FFFFFF,#30FFFFFF,#30FFFFFF
419,,SHINE_YZ,4,8,#30FFFFFF,#30FFFFFF,#30FFFFFF,#30FFFFFF,#FFFF00,#FFFF00,#30FFFFFF,#30FFFFFF,#30FFFFFF,#30FFFFFF
420,,SHINE_YZ,5,8,#30FFFFFF,#30FFFFFF,#30FFFFFF,#30FFFFFF,#FFFF00,#FFFF00,#30FFFFFF,#30FFFFFF,#30FFFFFF,#30FFFFFF
421,,SHINE_YZ,6,8,#30FFFFFF,#30FFFFFF,#30FFFFFF,#30FFFFFF,#FFFF00,#FFFF00,#30FFFFFF,#30FFFFFF,#30FFFFFF,#30FFFFFF
422,,SHINE_YZ,7,8,#30FFFFFF,#30FFFFFF,#30FFFFFF,#30FFFFFF,#FFFF00,#FFFF00,#30FFFFFF,#30FFFFFF,#30FFFFFF,#30FFFFFF
423,,SHINE_YZ,8,8,#30FFFFFF,#30FFFFFF,#30FFFFFF,#30FFFFFF,#FFFF00,#FFFF00,#30FFFFFF,#30FFFFFF,#30FFFFFF,#30FFFFFF
424,,DELAY,100,,,,,,,,,,,
425,,SHINE_YZ,0,7,#30FFFFFF,#30FFFFFF,#30FFFFFF,#30FFFFFF,#FFFF00,#FFFF00,#30FFFFFF,#30FFFFFF,#30FFFFFF,#30FFFFFF
426,,SHINE_YZ,1,7,#30FFFFFF,#30FFFFFF,#30FFFFFF,#30FFFFFF,#FFFF00,#FFFF00,#30FFFFFF,#30FFFFFF,#30FFFFFF,#30FFFFFF
427,,SHINE_YZ,2,7,#30FFFFFF,#30FFFFFF,#30FFFFFF,#30FFFFFF,#FFFF00,#FFFF00,#30FFFFFF,#30FFFFFF,#30FFFFFF,#30FFFFFF
428,,SHINE_YZ,3,7,#30FFFFFF,#30FFFFFF,#30FFFFFF,#30FFFFFF,#FFFF00,#FFFF00,#30FFFFFF,#30FFFFFF,#30FFFFFF,#30FFFFFF
429,,SHINE_YZ,4,7,#30FFFFFF,#30FFFFFF,#30FFFFFF,#30FFFFFF,#FFFF00,#FFFF00,#30FFFFFF,#30FFFFFF,#30FFFFFF,#30FFFFFF
430,,SHINE_YZ,5,7,#30FFFFFF,#30FFFFFF,#30FFFFFF,#30FFFFFF,#FFFF00,#FFFF00,#30FFFFFF,#30FFFFFF,#30FFFFFF,#30FFFFFF
431,,SHINE_YZ,6,7,#30FFFFFF,#30FFFFFF,#30FFFFFF,#30FFFFFF,#FFFF00,#FFFF00,#30FFFFFF,#30FFFFFF,#30FFFFFF,#30FFFFFF
432,,SHINE_YZ,7,7,#30FFFFFF,#30FFFFFF,#30FFFFFF,#30FFFFFF,#FFFF00,#FFFF00,#30FFFFFF,#30FFFFFF,#30FFFFFF,#30FFFFFF
433,,SHINE_YZ,8,7,#30FFFFFF,#30FFFFFF,#30FFFFFF,#30FFFFFF,#FFFF00,#FFFF00,#30FFFFFF,#30FFFFFF,#30FFFFFF,#30FFFFFF
434,,DELAY,100,,,,,,,,,,,
435,,SHINE_YZ,0,6,#30FFFFFF,#30FFFFFF,#30FFFFFF,#30FFFFFF,#FFFF00,#FFFF00,#30FFFFFF,#30FFFFFF,#30FFFFFF,#30FFFFFF
436,,SHINE_YZ,1,6,#30FFFFFF,#30FFFFFF,#30FFFFFF,#30FFFFFF,#FFFF00,#FFFF00,#30FFFFFF,#30FFFFFF,#30FFFFFF,#30FFFFFF
437,,SHINE_YZ,2,6,#30FFFFFF,#30FFFFFF,#30FFFFFF,#30FFFFFF,#FFFF00,#FFFF00,#30FFFFFF,#30FFFFFF,#30FFFFFF,#30FFFFFF
438,,SHINE_YZ,3,6,#30FFFFFF,#30FFFFFF,#30FFFFFF,#30FFFFFF,#FFFF00,#FFFF00,#30FFFFFF,#30FFFFFF,#30FFFFFF,#30FFFFFF
439,,SHINE_YZ,4,6,#30FFFFFF,#30FFFFFF,#30FFFFFF,#30FFFFFF,#FFFF00,#FFFF00,#30FFFFFF,#30FFFFFF,#30FFFFFF,#30FFFFFF
440,,SHINE_YZ,5,6,#30FFFFFF,#30FFFFFF,#30FFFFFF,#30FFFFFF,#FFFF00,#FFFF00,#30FFFFFF,#30FFFFFF,#30FFFFFF,#30FFFFFF
441,,SHINE_YZ,6,6,#30FFFFFF,#30FFFFFF,#30FFFFFF,#30FFFFFF,#FFFF00,#FFFF00,#30FFFFFF,#30FFFFFF,#30FFFFFF,#30FFFFFF
442,,SHINE_YZ,7,6,#30FFFFFF,#30FFFFFF,#30FFFFFF,#30FFFFFF,#FFFF00,#FFFF00,#30FFFFFF,#30FFFFFF,#30FFFFFF,#30FFFFFF
443,,SHINE_YZ,8,6,#30FFFFFF,#30FFFFFF,#30FFFFFF,#30FFFFFF,#FFFF00,#FFFF00,#30FFFFFF,#30FFFFFF,#30FFFFFF,#30FFFFFF
444,,DELAY,100,,,,,,,,,,,
445,,SHINE_YZ,0,5,#30FFFFFF,#30FFFFFF,#30FFFFFF,#30FFFFFF,#FFFF00,#FFFF00,#30FFFFFF,#30FFFFFF,#30FFFFFF,#30FFFFFF
446,,SHINE_YZ,1,5,#30FFFFFF,#30FFFFFF,#30FFFFFF,#30FFFFFF,#FFFF00,#FFFF00,#30FFFFFF,#30FFFFFF,#30FFFFFF,#30FFFFFF
447,,SHINE_YZ,2,5,#30FFFFFF,#30FFFFFF,#30FFFFFF,#30FFFFFF,#FFFF00,#FFFF00,#30FFFFFF,#30FFFFFF,#30FFFFFF,#30FFFFFF
448,,SHINE_YZ,3,5,#30FFFFFF,#30FFFFFF,#30FFFFFF,#30FFFFFF,#FFFF00,#FFFF00,#30FFFFFF,#30FFFFFF,#30FFFFFF,#30FFFFFF
449,,SHINE_YZ,4,5,#30FFFFFF,#30FFFFFF,#30FFFFFF,#30FFFFFF,#FFFF00,#FFFF00,#30FFFFFF,#30FFFFFF,#30FFFFFF,#30FFFFFF
450,,SHINE_YZ,5,5,#30FFFFFF,#30FFFFFF,#30FFFFFF,#30FFFFFF,#FFFF00,#FFFF00,#30FFFFFF,#30FFFFFF,#30FFFFFF,#30FFFFFF
451,,SHINE_YZ,6,5,#30FFFFFF,#30FFFFFF,#30FFFFFF,#30FFFFFF,#FFFF00,#FFFF00,#30FFFFFF,#30FFFFFF,#30FFFFFF,#30FFFFFF
452,,SHINE_YZ,7,5,#30FFFFFF,#30FFFFFF,#30FFFFFF,#30FFFFFF,#FFFF00,#FFFF00,#30FFFFFF,#30FFFFFF,#30FFFFFF,#30FFFFFF
453,,SHINE_YZ,8,5,#30FFFFFF,#30FFFFFF,#30FFFFFF,#30FFFFFF,#FFFF00,#FFFF00,#30FFFFFF,#30FFFFFF,#30FFFFFF,#30FFFFFF
454,,DELAY,100,,,,,,,,,,,
455,,SHINE_YZ,0,4,#30FFFFFF,#30FFFFFF,#30FFFFFF,#30FFFFFF,#FFFF00,#FFFF00,#30FFFFFF,#30FFFFFF,#30FFFFFF,#30FFFFFF
456,,SHINE_YZ,1,4,#30FFFFFF,#30FFFFFF,#30FFFFFF,#30FFFFFF,#FFFF00,#FFFF00,#30FFFFFF,#30FFFFFF,#30FFFFFF,#30FFFFFF
457,,SHINE_YZ,2,4,#30FFFFFF,#30FFFFFF,#30FFFFFF,#30FFFFFF,#FFFF00,#FFFF00,#30FFFFFF,#30FFFFFF,#30FFFFFF,#30FFFFFF
458,,SHINE_YZ,3,4,#30FFFFFF,#30FFFFFF,#30FFFFFF,#30FFFFFF,#FFFF00,#FFFF00,#30FFFFFF,#30FFFFFF,#30FFFFFF,#30FFFFFF
459,,SHINE_YZ,4,4,#30FFFFFF,#30FFFFFF,#30FFFFFF,#30FFFFFF,#FFFF00,#FFFF00,#30FFFFFF,#30FFFFFF,#30FFFFFF,#30FFFFFF
460,,SHINE_YZ,5,4,#30FFFFFF,#30FFFFFF,#30FFFFFF,#30FFFFFF,#FFFF00,#FFFF00,#30FFFFFF,#30FFFFFF,#30FFFFFF,#30FFFFFF
461,,SHINE_YZ,6,4,#30FFFFFF,#30FFFFFF,#30FFFFFF,#30FFFFFF,#FFFF00,#FFFF00,#30FFFFFF,#30FFFFFF,#30FFFFFF,#30FFFFFF
462,,SHINE_YZ,7,4,#30FFFFFF,#30FFFFFF,#30FFFFFF,#30FFFFFF,#FFFF00,#FFFF00,#30FFFFFF,#30FFFFFF,#30FFFFFF,#30FFFFFF
463,,SHINE_YZ,8,4,#30FFFFFF,#30FFFFFF,#30FFFFFF,#30FFFFFF,#FFFF00,#FFFF00,#30FFFFFF,#30FFFFFF,#30FFFFFF,#30FFFFFF
464,,DELAY,100,,,,,,,,,,,
465,,SHINE_YZ,0,3,#30FFFFFF,#30FFFFFF,#30FFFFFF,#30FFFFFF,#FFFF00,#FFFF00,#30FFFFFF,#30FFFFFF,#30FFFFFF,#30FFFFFF
466,,SHINE_YZ,1,3,#30FFFFFF,#30FFFFFF,#30FFFFFF,#30FFFFFF,#FFFF00,#FFFF00,#30FFFFFF,#30FFFFFF,#30FFFFFF,#30FFFFFF
467,,SHINE_YZ,2,3,#30FFFFFF,#30FFFFFF,#30FFFFFF,#30FFFFFF,#FFFF00,#FFFF00,#30FFFFFF,#30FFFFFF,#30FFFFFF,#30FFFFFF
468,,SHINE_YZ,3,3,#30FFFFFF,#30FFFFFF,#30FFFFFF,#30FFFFFF,#FFFF00,#FFFF00,#30FFFFFF,#30FFFFFF,#30FFFFFF,#30FFFFFF
469,,SHINE_YZ,4,3,#30FFFFFF,#30FFFFFF,#30FFFFFF,#30FFFFFF,#FFFF00,#FFFF00,#30FFFFFF,#30FFFFFF,#30FFFFFF,#30FFFFFF
470,,SHINE_YZ,5,3,#30FFFFFF,#30FFFFFF,#30FFFFFF,#30FFFFFF,#FFFF00,#FFFF00,#30FFFFFF,#30FFFFFF,#30FFFFFF,#30FFFFFF
471,,SHINE_YZ,6,3,#30FFFFFF,#30FFFFFF,#30FFFFFF,#30FFFFFF,#FFFF00,#FFFF00,#30FFFFFF,#30FFFFFF,#30FFFFFF,#30FFFFFF
472,,SHINE_YZ,7,3,#30FFFFFF,#30FFFFFF,#30FFFFFF,#30FFFFFF,#FFFF00,#FFFF00,#30FFFFFF,#30FFFFFF,#30FFFFFF,#30FFFFFF
473,,SHINE_YZ,8,3,#30FFFFFF,#30FFFFFF,#30FFFFFF,#30FFFFFF,#FFFF00,#FFFF00,#30FFFFFF,#30FFFFFF,#30FFFFFF,#30FFFFFF
474,,DELAY,100,,,,,,,,,,,
475,,SHINE_YZ,0,2,#30FFFFFF,#30FFFFFF,#30FFFFFF,#30FFFFFF,#FFFF00,#FFFF00,#30FFFFFF,#30FFFFFF,#30FFFFFF,#30FFFFFF
476,,SHINE_YZ,1,2,#30FFFFFF,#30FFFFFF,#30FFFFFF,#30FFFFFF,#FFFF00,#FFFF00,#30FFFFFF,#30FFFFFF,#30FFFFFF,#30FFFFFF
477,,SHINE_YZ,2,2,#30FFFFFF,#30FFFFFF,#30FFFFFF,#30FFFFFF,#FFFF00,#FFFF00,#30FFFFFF,#30FFFFFF,#30FFFFFF,#30FFFFFF
478,,SHINE_YZ,3,2,#30FFFFFF,#30FFFFFF,#30FFFFFF,#30FFFFFF,#FFFF00,#FFFF00,#30FFFFFF,#30FFFFFF,#30FFFFFF,#30FFFFFF
479,,SHINE_YZ,4,2,#30FFFFFF,#30FFFFFF,#30FFFFFF,#30FFFFFF,#FFFF00,#FFFF00,#30FFFFFF,#30FFFFFF,#30FFFFFF,#30FFFFFF
480,,SHINE_YZ,5,2,#30FFFFFF,#30FFFFFF,#30FFFFFF,#30FFFFFF,#FFFF00,#FFFF00,#30FFFFFF,#30FFFFFF,#30FFFFFF,#30FFFFFF
481,,SHINE_YZ,6,2,#30FFFFFF,#30FFFFFF,#30FFFFFF,#30FFFFFF,#FFFF00,#FFFF00,#30FFFFFF,#30FFFFFF,#30FFFFFF,#30FFFFFF
482,,SHINE_YZ,7,2,#30FFFFFF,#30FFFFFF,#30FFFFFF,#30FFFFFF,#FFFF00,#FFFF00,#30FFFFFF,#30FFFFFF,#30FFFFFF,#30FFFFFF
483,,SHINE_YZ,8,2,#30FFFFFF,#30FFFFFF,#30FFFFFF,#30FFFFFF,#FFFF00,#FFFF00,#30FFFFFF,#30FFFFFF,#30FFFFFF,#30FFFFFF
484,,DELAY,100,,,,,,,,,,,
485,,SHINE_YZ,0,1,#30FFFFFF,#30FFFFFF,#30FFFFFF,#30FFFFFF,#FFFF00,#FFFF00,#30FFFFFF,#30FFFFFF,#30FFFFFF,#30FFFFFF
486,,SHINE_YZ,1,1,#30FFFFFF,#30FFFFFF,#30FFFFFF,#30FFFFFF,#FFFF00,#FFFF00,#30FFFFFF,#30FFFFFF,#30FFFFFF,#30FFFFFF
487,,SHINE_YZ,2,1,#30FFFFFF,#30FFFFFF,#30FFFFFF,#30FFFFFF,#FFFF00,#FFFF00,#30FFFFFF,#30FFFFFF,#30FFFFFF,#30FFFFFF
488,,SHINE_YZ,3,1,#30FFFFFF,#30FFFFFF,#30FFFFFF,#30FFFFFF,#FFFF00,#FFFF00,#30FFFFFF,#30FFFFFF,#30FFFFFF,#30FFFFFF
489,,SHINE_YZ,4,1,#30FFFFFF,#30FFFFFF,#30FFFFFF,#30FFFFFF,#FFFF00,#FFFF00,#30FFFFFF,#30FFFFFF,#30FFFFFF,#30FFFFFF
490,,SHINE_YZ,5,1,#30FFFFFF,#30FFFFFF,#30FFFFFF,#30FFFFFF,#FFFF00,#FFFF00,#30FFFFFF,#30FFFFFF,#30FFFFFF,#30FFFFFF
491,,SHINE_YZ,6,1,#30FFFFFF,#30FFFFFF,#30FFFFFF,#30FFFFFF,#FFFF00,#FFFF00,#30FFFFFF,#30FFFFFF,#30FFFFFF,#30FFFFFF
492,,SHINE_YZ,7,1,#30FFFFFF,#30FFFFFF,#30FFFFFF,#30FFFFFF,#FFFF00,#FFFF00,#30FFFFFF,#30FFFFFF,#30FFFFFF,#30FFFFFF
493,,SHINE_YZ,8,1,#30FFFFFF,#30FFFFFF,#30FFFFFF,#30FFFFFF,#FFFF00,#FFFF00,#30FFFFFF,#30FFFFFF,#30FFFFFF,#30FFFFFF
494,,DELAY,100,,,,,,,,,,,
495,,SHINE_YZ,0,0,#30FFFFFF,#30FFFFFF,#30FFFFFF,#30FFFFFF,#FFFF00,#FFFF00,#30FFFFFF,#30FFFFFF,#30FFFFFF,#30FFFFFF
496,,SHINE_YZ,1,0,#30FFFFFF,#30FFFFFF,#30FFFFFF,#30FFFFFF,#FFFF00,#FFFF00,#30FFFFFF,#30FFFFFF,#30FFFFFF,#30FFFFFF
497,,SHINE_YZ,2,0,#30FFFFFF,#30FFFFFF,#30FFFFFF,#30FFFFFF,#FFFF00,#FFFF00,#30FFFFFF,#30FFFFFF,#30FFFFFF,#30FFFFFF
498,,SHINE_YZ,3,0,#30FFFFFF,#30FFFFFF,#30FFFFFF,#30FFFFFF,#FFFF00,#FFFF00,#30FFFFFF,#30FFFFFF,#30FFFFFF,#30FFFFFF
499,,SHINE_YZ,4,0,#30FFFFFF,#30FFFFFF,#30FFFFFF,#30FFFFFF,#FFFF00,#FFFF00,#30FFFFFF,#30FFFFFF,#30FFFFFF,#30FFFFFF
500,,SHINE_YZ,5,0,#30FFFFFF,#30FFFFFF,#30FFFFFF,#30FFFFFF,#FFFF00,#FFFF00,#30FFFFFF,#30FFFFFF,#30FFFFFF,#30FFFFFF
501,,SHINE_YZ,6,0,#30FFFFFF,#30FFFFFF,#30FFFFFF,#30FFFFFF,#FFFF00,#FFFF00,#30FFFFFF,#30FFFFFF,#30FFFFFF,#30FFFFFF
502,,SHINE_YZ,7,0,#30FFFFFF,#30FFFFFF,#30FFFFFF,#30FFFFFF,#FFFF00,#FFFF00,#30FFFFFF,#30FFFFFF,#30FFFFFF,#30FFFFFF
503,,SHINE_YZ,8,0,#30FFFFFF,#30FFFFFF,#30FFFFFF,#30FFFFFF,#FFFF00,#FFFF00,#30FFFFFF,#30FFFFFF,#30FFFFFF,#30FFFFFF
504,,DELAY,100,,,,,,,,,,,
505,,FILL_ALL,#30FFFFFF,,,,,,,,,,,
506,,SHINE_YZ,0,9,#30FFFFFF,#30FFFFFF,#30FFFFFF,#0099CC,#0099CC,#0099CC,#0099CC,#30FFFFFF,#30FFFFFF,#30FFFFFF
507,,SHINE_YZ,1,9,#30FFFFFF,#30FFFFFF,#30FFFFFF,#0099CC,#30FFFFFF,#30FFFFFF,#0099CC,#30FFFFFF,#30FFFFFF,#30FFFFFF
508,,SHINE_YZ,2,9,#30FFFFFF,#30FFFFFF,#30FFFFFF,#0099CC,#30FFFFFF,#30FFFFFF,#0099CC,#30FFFFFF,#30FFFFFF,#30FFFFFF
509,,SHINE_YZ,3,9,#30FFFFFF,#30FFFFFF,#30FFFFFF,#0099CC,#30FFFFFF,#30FFFFFF,#0099CC,#30FFFFFF,#30FFFFFF,#30FFFFFF
510,,SHINE_YZ,4,9,#30FFFFFF,#30FFFFFF,#30FFFFFF,#0099CC,#30FFFFFF,#30FFFFFF,#0099CC,#30FFFFFF,#30FFFFFF,#30FFFFFF
511,,SHINE_YZ,5,9,#30FFFFFF,#30FFFFFF,#30FFFFFF,#0099CC,#30FFFFFF,#30FFFFFF,#0099CC,#30FFFFFF,#30FFFFFF,#30FFFFFF
512,,SHINE_YZ,6,9,#30FFFFFF,#30FFFFFF,#30FFFFFF,#0099CC,#30FFFFFF,#30FFFFFF,#0099CC,#30FFFFFF,#30FFFFFF,#30FFFFFF
513,,SHINE_YZ,7,9,#30FFFFFF,#30FFFFFF,#30FFFFFF,#0099CC,#30FFFFFF,#30FFFFFF,#0099CC,#30FFFFFF,#30FFFFFF,#30FFFFFF
514,,SHINE_YZ,8,9,#30FFFFFF,#30FFFFFF,#30FFFFFF,#0099CC,#0099CC,#0099CC,#0099CC,#30FFFFFF,#30FFFFFF,#30FFFFFF
515,,DELAY,1000,,,,,,,,,,,
516,,JUMP_LIMIT,0,3,,,,,,,,,,
